d_codigo,d_asenta,d_tipo_asenta,D_mnpio,d_estado,d_ciudad,d_CP,c_estado,c_oficina,c_CP,c_tipo_asenta,c_mnpio,id_asenta_cpcons,d_zona,c_cve_ciudad
28000,Colima Centro,Colonia,Colima,Colima,Colima,28001,06,28001,,09,002,0001,Urbano,01
28010,El Diezmo,Colonia,Colima,Colima,Colima,28001,06,28001,,09,002,0012,Urbano,01
28010,Lomas de Circunvalación,Colonia,Colima,Colima,Colima,28001,06,28001,,09,002,0014,Urbano,01
28012,ISSSTE Lomas,Unidad habitacional,Colima,Colima,Colima,28001,06,28001,,31,002,0016,Urbano,01
28014,Jardines de las Lomas,Colonia,Colima,Colima,Colima,28001,06,28001,,09,002,0017,Urbano,01
28016,Lomas Vistahermosa,Colonia,Colima,Colima,Colima,28001,06,28001,,09,002,0019,Urbano,01
28017,Lomas del Valle,Fraccionamiento,Colima,Colima,Colima,28001,06,28001,,21,002,0096,Urbano,01
28017,Residencial Esmeralda,Fraccionamiento,Colima,Colima,Colima,28001,06,28001,,21,002,0652,Urbano,01
28017,Villas Colinas,Condominio,Colima,Colima,Colima,28001,06,28001,,10,002,0738,Urbano,01
28017,Residencial Victoria,Fraccionamiento,Colima,Colima,Colima,28001,06,28001,,21,002,0763,Urbano,01
28017,Parque Royal,Colonia,Colima,Colima,Colima,28001,06,28001,,09,002,0025,Urbano,01
28017,Residencial Santa Bárbara,Colonia,Colima,Colima,Colima,28001,06,28001,,09,002,0026,Urbano,01
28017,Residencial Los Olivos,Fraccionamiento,Colima,Colima,Colima,28001,06,28001,,21,002,0743,Urbano,01
28017,Colinas de Santa Bárbara,Colonia,Colima,Colima,Colima,28001,06,28001,,09,002,0021,Urbano,01
28017,Las Palmas,Colonia,Colima,Colima,Colima,28001,06,28001,,09,002,0023,Urbano,01
28017,Paseo de la Hacienda,Fraccionamiento,Colima,Colima,Colima,28001,06,28001,,21,002,0833,Urbano,01
28017,Santa Gertrudis,Fraccionamiento,Colima,Colima,Colima,28001,06,28001,,21,002,0838,Urbano,01
28017,Residencial Valle Verde,Fraccionamiento,Colima,Colima,Colima,28001,06,28001,,21,002,0101,Urbano,01
28017,Residencial Esmeralda Norte,Colonia,Colima,Colima,Colima,28001,06,28001,,09,002,0739,Urbano,01
28017,Rincón del Colibrí,Fraccionamiento,Colima,Colima,Colima,28001,06,28001,,21,002,0103,Urbano,01
28017,Privada San Rafael,Fraccionamiento,Colima,Colima,Colima,28001,06,28001,,21,002,0729,Urbano,01
28017,Bugambilias,Condominio,Colima,Colima,Colima,28001,06,28001,,10,002,0020,Urbano,01
28017,Villanova,Fraccionamiento,Colima,Colima,Colima,28001,06,28001,,21,002,0665,Urbano,01
28017,Residencial Real Santa Bárbara,Fraccionamiento,Colima,Colima,Colima,28001,06,28001,,21,002,0762,Urbano,01
28017,Paseo de la Cantera,Fraccionamiento,Colima,Colima,Colima,28001,06,28001,,21,002,0835,Urbano,01
28017,Lomas Verdes,Colonia,Colima,Colima,Colima,28001,06,28001,,09,002,0024,Urbano,01
28017,Jardines de La Hacienda,Colonia,Colima,Colima,Colima,28001,06,28001,,09,002,0761,Urbano,01
28017,Colinas de Santa Fe,Fraccionamiento,Colima,Colima,Colima,28001,06,28001,,21,002,0834,Urbano,01
28017,Jardines Vista Hermosa,Colonia,Colima,Colima,Colima,28001,06,28001,,09,002,0022,Urbano,01
28017,Residencial Puerta del Sol,Fraccionamiento,Colima,Colima,Colima,28001,06,28001,,21,002,0651,Urbano,01
28018,Girasoles,Colonia,Colima,Colima,Colima,28001,06,28001,,09,002,0662,Urbano,01
28018,Las Pérgolas,Fraccionamiento,Colima,Colima,Colima,28001,06,28001,,21,002,0837,Urbano,01
28018,Valle Dorado,Colonia,Colima,Colima,Colima,28001,06,28001,,09,002,0735,Urbano,01
28018,Puerta Paraíso,Colonia,Colima,Colima,Colima,28001,06,28001,,09,002,0736,Urbano,01
28018,Real Vista Hermosa,Colonia,Colima,Colima,Colima,28001,06,28001,,09,002,0661,Urbano,01
28018,La Cantera,Fraccionamiento,Colima,Colima,Colima,28001,06,28001,,21,002,0808,Urbano,01
28018,Residencial Santa María,Fraccionamiento,Colima,Colima,Colima,28001,06,28001,,21,002,0840,Urbano,01
28018,Hacienda Real,Fraccionamiento,Colima,Colima,Colima,28001,06,28001,,21,002,0015,Urbano,01
28018,Real Vista Hermosa III,Colonia,Colima,Colima,Colima,28001,06,28001,,09,002,0742,Urbano,01
28019,El Porvenir,Colonia,Colima,Colima,Colima,28001,06,28001,,09,002,0027,Urbano,01
28020,La Armonía,Colonia,Colima,Colima,Colima,28001,06,28001,,09,002,0028,Urbano,01
28023,Jardines de Guadalupe,Colonia,Colima,Colima,Colima,28001,06,28001,,09,002,0728,Urbano,01
28025,Niños Héroes,Colonia,Colima,Colima,Colima,28001,06,28001,,09,002,0029,Urbano,01
28025,Villa los Prados,Colonia,Colima,Colima,Colima,28001,06,28001,,09,002,0727,Urbano,01
28030,Magisterial,Colonia,Colima,Colima,Colima,28001,06,28001,,09,002,0033,Urbano,01
28030,Guadalajarita,Colonia,Colima,Colima,Colima,28001,06,28001,,09,002,0030,Urbano,01
28030,Militar Lomas,Colonia,Colima,Colima,Colima,28001,06,28001,,09,002,0034,Urbano,01
28030,Jardines de La Corregidora,Colonia,Colima,Colima,Colima,28001,06,28001,,09,002,0031,Urbano,01
28030,Jardines Residenciales,Colonia,Colima,Colima,Colima,28001,06,28001,,09,002,0032,Urbano,01
28030,Morelos,Colonia,Colima,Colima,Colima,28001,06,28001,,09,002,0035,Urbano,01
28035,Huertas del Sol,Colonia,Colima,Colima,Colima,28001,06,28001,,09,002,0036,Urbano,01
28037,Hidalgo,Colonia,Colima,Colima,Colima,28001,06,28001,,09,002,0037,Urbano,01
28040,Burócratas Municipales,Colonia,Colima,Colima,Colima,28001,06,28001,,09,002,0623,Urbano,01
28040,INFONAVIT La Estancia,Colonia,Colima,Colima,Colima,28001,06,28001,,09,002,0039,Urbano,01
28040,Camino Real,Colonia,Colima,Colima,Colima,28001,06,28001,,09,002,0038,Urbano,01
28040,Las Víboras,Colonia,Colima,Colima,Colima,28001,06,28001,,09,002,0040,Urbano,01
28043,INFONAVIT Camino Real,Colonia,Colima,Colima,Colima,28001,06,28001,,09,002,0042,Urbano,01
28044,FOVISSSTE,Unidad habitacional,Colima,Colima,Colima,28001,06,28001,,31,002,0043,Urbano,01
28045,Villa San Sebastián,Colonia,Colima,Colima,Colima,28001,06,28001,,09,002,0044,Urbano,01
28046,Oriental,Colonia,Colima,Colima,Colima,28001,06,28001,,09,002,0045,Urbano,01
28047,Jardines de La Estancia,Colonia,Colima,Colima,Colima,28001,06,28001,,09,002,0048,Urbano,01
28047,IKAL,Fraccionamiento,Colima,Colima,Colima,28001,06,28001,,21,002,0100,Urbano,01
28047,Unidad Antorchista,Colonia,Colima,Colima,Colima,28001,06,28001,,09,002,0650,Urbano,01
28047,Luis Donaldo Colosio,Colonia,Colima,Colima,Colima,28001,06,28001,,09,002,0052,Urbano,01
28047,Las Américas,Colonia,Colima,Colima,Colima,28001,06,28001,,09,002,0649,Urbano,01
28047,Villa de los Pinos,Fraccionamiento,Colima,Colima,Colima,28001,06,28001,,21,002,0003,Urbano,01
28047,Camino Real,Colonia,Colima,Colima,Colima,28001,06,28001,,09,002,0046,Urbano,01
28047,Josefa Ortiz de Domínguez,Colonia,Colima,Colima,Colima,28001,06,28001,,09,002,0049,Urbano,01
28047,La Virgencita,Colonia,Colima,Colima,Colima,28001,06,28001,,09,002,0050,Urbano,01
28047,Santa Elena,Colonia,Colima,Colima,Colima,28001,06,28001,,09,002,0648,Urbano,01
28047,Margaritas,Fraccionamiento,Colima,Colima,Colima,28001,06,28001,,21,002,0844,Urbano,01
28047,Rivera del Jazmín,Fraccionamiento,Colima,Colima,Colima,28001,06,28001,,21,002,0097,Urbano,01
28047,El Mirador de Colima,Fraccionamiento,Colima,Colima,Colima,28001,06,28001,,21,002,0794,Urbano,01
28047,Andares del Jazmín,Fraccionamiento,Colima,Colima,Colima,28001,06,28001,,21,002,0005,Urbano,01
28047,Lázaro Cárdenas,Colonia,Colima,Colima,Colima,28001,06,28001,,09,002,0051,Urbano,01
28047,Real la Floresta,Fraccionamiento,Colima,Colima,Colima,28001,06,28001,,21,002,0098,Urbano,01
28047,Diamantes,Fraccionamiento,Colima,Colima,Colima,28001,06,28001,,21,002,0813,Urbano,01
28047,Lomas de Santa Elena,Fraccionamiento,Colima,Colima,Colima,28001,06,28001,,21,002,0002,Urbano,01
28047,Francisco I Madero,Colonia,Colima,Colima,Colima,28001,06,28001,,09,002,0047,Urbano,01
28047,Revolución,Colonia,Colima,Colima,Colima,28001,06,28001,,09,002,0053,Urbano,01
28047,San José Norte,Colonia,Colima,Colima,Colima,28001,06,28001,,09,002,0054,Urbano,01
28048,Jardines del Sol,Colonia,Colima,Colima,Colima,28001,06,28001,,09,002,0645,Urbano,01
28048,San José Sur,Colonia,Colima,Colima,Colima,28001,06,28001,,09,002,0064,Urbano,01
28048,Santa Amalia,Colonia,Colima,Colima,Colima,28001,06,28001,,09,002,0066,Urbano,01
28048,Vicente Guerrero,Colonia,Colima,Colima,Colima,28001,06,28001,,09,002,0067,Urbano,01
28048,Los Ángeles,Colonia,Colima,Colima,Colima,28001,06,28001,,09,002,0060,Urbano,01
28048,San Rafael,Colonia,Colima,Colima,Colima,28001,06,28001,,09,002,0065,Urbano,01
28048,El Pedregal,Colonia,Colima,Colima,Colima,28001,06,28001,,09,002,0056,Urbano,01
28048,Moctezuma,Colonia,Colima,Colima,Colima,28001,06,28001,,09,002,0061,Urbano,01
28048,Mirador de La Cumbre II,Colonia,Colima,Colima,Colima,28001,06,28001,,09,002,0768,Urbano,01
28048,Mirador de La Cumbre III,Colonia,Colima,Colima,Colima,28001,06,28001,,09,002,0769,Urbano,01
28048,Cuauhtémoc,Colonia,Colima,Colima,Colima,28001,06,28001,,09,002,0055,Urbano,01
28048,Nuevo Milenio,Colonia,Colima,Colima,Colima,28001,06,28001,,09,002,0667,Urbano,01
28048,Mirador de La Cumbre,Colonia,Colima,Colima,Colima,28001,06,28001,,09,002,0668,Urbano,01
28048,Los Jazmines,Colonia,Colima,Colima,Colima,28001,06,28001,,09,002,0734,Urbano,01
28048,Insurgentes,Colonia,Colima,Colima,Colima,28001,06,28001,,09,002,0057,Urbano,01
28048,La Estancia,Colonia,Colima,Colima,Colima,28001,06,28001,,09,002,0058,Urbano,01
28048,Nuevo Paraíso,Colonia,Colima,Colima,Colima,28001,06,28001,,09,002,0062,Urbano,01
28048,La Guadalupe,Colonia,Colima,Colima,Colima,28001,06,28001,,09,002,0059,Urbano,01
28048,Paraíso,Colonia,Colima,Colima,Colima,28001,06,28001,,09,002,0063,Urbano,01
28048,Gustavo Vázquez Montes,Colonia,Colima,Colima,Colima,28001,06,28001,,09,002,0723,Urbano,01
28048,Ignacio Zaragoza,Colonia,Colima,Colima,Colima,28001,06,28001,,09,002,0770,Urbano,01
28050,Placetas Estadio,Colonia,Colima,Colima,Colima,28001,06,28001,,09,002,0069,Urbano,01
28050,Villas Primaveras,Colonia,Colima,Colima,Colima,28001,06,28001,,09,002,0724,Urbano,01
28050,Privada San Francisco,Fraccionamiento,Colima,Colima,Colima,28001,06,28001,,21,002,0726,Urbano,01
28050,Villas del Bosque,Colonia,Colima,Colima,Colima,28001,06,28001,,09,002,0070,Urbano,01
28050,Rincón del Bosque,Colonia,Colima,Colima,Colima,28001,06,28001,,09,002,0725,Urbano,01
28050,Fátima,Colonia,Colima,Colima,Colima,28001,06,28001,,09,002,0068,Urbano,01
28060,Residencial San Pablo,Fraccionamiento,Colima,Colima,Colima,28001,06,28001,,21,002,0074,Urbano,01
28060,El Moralete,Colonia,Colima,Colima,Colima,28001,06,28001,,09,002,0071,Urbano,01
28063,Las Haciendas,Fraccionamiento,Colima,Colima,Colima,28001,06,28001,,21,002,0733,Urbano,01
28063,Francisco Villa,Colonia,Colima,Colima,Colima,28001,06,28001,,09,002,0077,Urbano,01
28063,Los Volcanes,Colonia,Colima,Colima,Colima,28001,06,28001,,09,002,0740,Urbano,01
28063,Rinconada San Pablo,Colonia,Colima,Colima,Colima,28001,06,28001,,09,002,0741,Urbano,01
28063,San Carlos,Colonia,Colima,Colima,Colima,28001,06,28001,,09,002,0827,Urbano,01
28063,Santa Gertrudis,Colonia,Colima,Colima,Colima,28001,06,28001,,09,002,0732,Urbano,01
28067,De los Trabajadores,Colonia,Colima,Colima,Colima,28001,06,28001,,09,002,0078,Urbano,01
28068,Villa Verde,Colonia,Colima,Colima,Colima,28001,06,28001,,09,002,0079,Urbano,01
28070,Los Viveros,Colonia,Colima,Colima,Colima,28001,06,28001,,09,002,0084,Urbano,01
28070,Del Periodista,Colonia,Colima,Colima,Colima,28001,06,28001,,09,002,0085,Urbano,01
28070,Popular,Colonia,Colima,Colima,Colima,28001,06,28001,,09,002,0086,Urbano,01
28070,Benito Juárez,Colonia,Colima,Colima,Colima,28001,06,28001,,09,002,0081,Urbano,01
28070,Patios de Ferrocarril,Colonia,Colima,Colima,Colima,28001,06,28001,,09,002,0105,Urbano,01
28075,Parque Industrial,Zona industrial,Colima,Colima,Colima,28001,06,28001,,37,002,0087,Urbano,01
28077,José Pimentel Llerenas,Colonia,Colima,Colima,Colima,28001,06,28001,,09,002,0089,Urbano,01
28077,Rinconada del Pereyra,Fraccionamiento,Colima,Colima,Colima,28001,06,28001,,21,002,0004,Urbano,01
28077,Arboledas,Colonia,Colima,Colima,Colima,28001,06,28001,,09,002,0088,Urbano,01
28078,La Rivera,Colonia,Colima,Colima,Colima,28001,06,28001,,09,002,0731,Urbano,01
28078,El Yaqui,Fraccionamiento,Colima,Colima,Colima,28001,06,28001,,21,002,0721,Urbano,01
28078,Jardines de las Fuentes,Fraccionamiento,Colima,Colima,Colima,28001,06,28001,,21,002,0102,Urbano,01
28078,INDECO Albarrada,Colonia,Colima,Colima,Colima,28001,06,28001,,09,002,0090,Urbano,01
28078,Residencial Prados del Sur,Fraccionamiento,Colima,Colima,Colima,28001,06,28001,,21,002,0666,Urbano,01
28078,Arboledas de La Hacienda,Colonia,Colima,Colima,Colima,28001,06,28001,,09,002,0800,Urbano,01
28078,El Prado,Fraccionamiento,Colima,Colima,Colima,28001,06,28001,,21,002,0853,Urbano,01
28078,Real de Don Juan,Fraccionamiento,Colima,Colima,Colima,28001,06,28001,,21,002,0839,Urbano,01
28078,Las Fuentes,Fraccionamiento,Colima,Colima,Colima,28001,06,28001,,21,002,0730,Urbano,01
28078,Valle Real,Fraccionamiento,Colima,Colima,Colima,28001,06,28001,,21,002,0764,Urbano,01
28078,La Albarrada,Colonia,Colima,Colima,Colima,28001,06,28001,,09,002,0801,Urbano,01
28079,Gregorio Torres Quintero,Colonia,Colima,Colima,Colima,28001,06,28001,,09,002,0091,Urbano,01
28079,Puerta del Valle,Fraccionamiento,Colima,Colima,Colima,28001,06,28001,,21,002,0104,Urbano,01
28079,Villas del Sur,Colonia,Colima,Colima,Colima,28001,06,28001,,09,002,0775,Urbano,01
28079,Parajes del Sur,Colonia,Colima,Colima,Colima,28001,06,28001,,09,002,0828,Urbano,01
28080,El Tivoli,Colonia,Colima,Colima,Colima,28001,06,28001,,09,002,0092,Urbano,01
28085,La Esperanza,Fraccionamiento,Colima,Colima,Colima,28001,06,28001,,21,002,0836,Urbano,01
28085,Juana de Asbaje,Colonia,Colima,Colima,Colima,28001,06,28001,,09,002,0093,Urbano,01
28085,Los Sauces,Colonia,Colima,Colima,Colima,28001,06,28001,,09,002,0793,Urbano,01
28089,Leonardo B Gutiérrez,Colonia,Colima,Colima,Colima,28001,06,28001,,09,002,0094,Urbano,01
28089,Quinta El Tívoli,Fraccionamiento,Colima,Colima,Colima,28001,06,28001,,21,002,0737,Urbano,01
28089,Bosques del Sur,Fraccionamiento,Colima,Colima,Colima,28001,06,28001,,21,002,0809,Urbano,01
28090,El Tecolote,Colonia,Colima,Colima,Colima,28001,06,28001,,09,002,0095,Urbano,01
28090,Las Bugambilias,Colonia,Colima,Colima,Colima,28001,06,28001,,09,002,0858,Urbano,01
28100,Tecomán Centro,Colonia,Tecomán,Colima,Tecomán,28101,06,28101,,09,009,0096,Urbano,03
28110,Miguel Hidalgo,Colonia,Tecomán,Colima,Tecomán,28101,06,28101,,09,009,0100,Urbano,03
28110,Josefa Ortiz de Domínguez,Colonia,Tecomán,Colima,Tecomán,28101,06,28101,,09,009,0653,Urbano,03
28110,Tepeyac,Colonia,Tecomán,Colima,Tecomán,28101,06,28101,,09,009,0098,Urbano,03
28110,Reyes Heroles,Colonia,Tecomán,Colima,Tecomán,28101,06,28101,,09,009,0584,Urbano,03
28110,Manuel Álvarez,Colonia,Tecomán,Colima,Tecomán,28101,06,28101,,09,009,0099,Urbano,03
28113,Elba Cecilia Vega,Colonia,Tecomán,Colima,Tecomán,28101,06,28101,,09,009,0494,Urbano,03
28114,Amalia Solórzano,Colonia,Tecomán,Colima,Tecomán,28101,06,28101,,09,009,0454,Urbano,03
28120,Valle las Palmas,Fraccionamiento,Tecomán,Colima,Tecomán,28101,06,28101,,21,009,0003,Urbano,03
28120,Campo Aéreo,Colonia,Tecomán,Colima,Tecomán,28101,06,28101,,09,009,0101,Urbano,03
28120,Noriega Pizano,Colonia,Tecomán,Colima,Tecomán,28101,06,28101,,09,009,0560,Urbano,03
28120,Valle Querido,Colonia,Tecomán,Colima,Tecomán,28101,06,28101,,09,009,0103,Urbano,03
28120,Cofradía de Juárez,Colonia,Tecomán,Colima,Tecomán,28101,06,28101,,09,009,0102,Urbano,03
28123,Real del Bosque,Fraccionamiento,Tecomán,Colima,Tecomán,28101,06,28101,,21,009,0861,Urbano,03
28123,Real del Valle,Fraccionamiento,Tecomán,Colima,Tecomán,28101,06,28101,,21,009,0830,Urbano,03
28130,Fátima,Colonia,Tecomán,Colima,Tecomán,28101,06,28101,,09,009,0104,Urbano,03
28130,La Unión,Colonia,Tecomán,Colima,Tecomán,28101,06,28101,,09,009,0106,Urbano,03
28130,Francisco Villa,Colonia,Tecomán,Colima,Tecomán,28101,06,28101,,09,009,0105,Urbano,03
28130,Vicente Guerrero,Colonia,Tecomán,Colima,Tecomán,28101,06,28101,,09,009,0107,Urbano,03
28130,Villas del Sol,Fraccionamiento,Tecomán,Colima,Tecomán,28101,06,28101,,21,009,0663,Urbano,03
28133,Loma Bonita,Colonia,Tecomán,Colima,Tecomán,28101,06,28101,,09,009,0789,Urbano,03
28133,Hacienda la Loma,Fraccionamiento,Tecomán,Colima,Tecomán,28101,06,28101,,21,009,0788,Urbano,03
28134,El Limonero,Fraccionamiento,Tecomán,Colima,Tecomán,28101,06,28101,,21,009,0011,Urbano,03
28134,Lázaro Cárdenas II,Colonia,Tecomán,Colima,Tecomán,28101,06,28101,,09,009,0109,Urbano,03
28134,Álvaro Obregón,Colonia,Tecomán,Colima,Tecomán,28101,06,28101,,09,009,0563,Urbano,03
28134,Santa Elena,Colonia,Tecomán,Colima,Tecomán,28101,06,28101,,09,009,0110,Urbano,03
28134,Luis Donaldo Colosio,Colonia,Tecomán,Colima,Tecomán,28101,06,28101,,09,009,0657,Urbano,03
28134,Sor Juana Inés de La Cruz,Colonia,Tecomán,Colima,Tecomán,28101,06,28101,,09,009,0111,Urbano,03
28134,Ampliación Las Flores,Colonia,Tecomán,Colima,Tecomán,28101,06,28101,,09,009,0660,Urbano,03
28134,Niños Héroes,Colonia,Tecomán,Colima,Tecomán,28101,06,28101,,09,009,0658,Urbano,03
28134,Palma Real,Colonia,Tecomán,Colima,Tecomán,28101,06,28101,,09,009,0713,Urbano,03
28134,Lázaro Cárdenas,Colonia,Tecomán,Colima,Tecomán,28101,06,28101,,09,009,0108,Urbano,03
28134,Griselda Álvarez,Colonia,Tecomán,Colima,Tecomán,28101,06,28101,,09,009,0502,Urbano,03
28134,Las Flores,Colonia,Tecomán,Colima,Tecomán,28101,06,28101,,09,009,0659,Urbano,03
28134,San Ignacio,Fraccionamiento,Tecomán,Colima,Tecomán,28101,06,28101,,21,009,0001,Urbano,03
28140,La Floresta,Colonia,Tecomán,Colima,Tecomán,28101,06,28101,,09,009,0113,Urbano,03
28140,Villa Florida,Colonia,Tecomán,Colima,Tecomán,28101,06,28101,,09,009,0115,Urbano,03
28140,Jardines de Tecomán,Fraccionamiento,Tecomán,Colima,Tecomán,28101,06,28101,,21,009,0510,Urbano,03
28140,Jardines del Chamizal,Fraccionamiento,Tecomán,Colima,Tecomán,28101,06,28101,,21,009,0002,Urbano,03
28140,El Chamizal,Colonia,Tecomán,Colima,Tecomán,28101,06,28101,,09,009,0112,Urbano,03
28140,San Isidro,Colonia,Tecomán,Colima,Tecomán,28101,06,28101,,09,009,0114,Urbano,03
28140,INFONAVIT Las Huertas,Colonia,Tecomán,Colima,Tecomán,28101,06,28101,,09,009,0116,Urbano,03
28143,La Cuarta,Fraccionamiento,Tecomán,Colima,Tecomán,28101,06,28101,,21,009,0518,Urbano,03
28150,La Palmita,Colonia,Tecomán,Colima,Tecomán,28101,06,28101,,09,009,0118,Urbano,03
28150,San Francisco Javier,Colonia,Tecomán,Colima,Tecomán,28101,06,28101,,09,009,0119,Urbano,03
28150,Benito Juárez,Colonia,Tecomán,Colima,Tecomán,28101,06,28101,,09,009,0117,Urbano,03
28159,INFONAVIT Las Palmas,Colonia,Tecomán,Colima,Tecomán,28101,06,28101,,09,009,0121,Urbano,03
28160,Sedena Militar,Colonia,Tecomán,Colima,Tecomán,28101,06,28101,,09,009,0594,Urbano,03
28160,Pablo Silva García,Colonia,Tecomán,Colima,Tecomán,28101,06,28101,,09,009,0122,Urbano,03
28160,Estatuto Jurídico,Colonia,Tecomán,Colima,Tecomán,28101,06,28101,,09,009,0496,Urbano,03
28160,Burócratas,Colonia,Tecomán,Colima,Tecomán,28101,06,28101,,09,009,0460,Urbano,03
28160,Ponciano Arriaga,Colonia,Tecomán,Colima,Tecomán,28101,06,28101,,09,009,0123,Urbano,03
28170,Indeco,Colonia,Tecomán,Colima,Tecomán,28101,06,28101,,09,009,0124,Urbano,03
28170,Parque Las Flores (Elias Zamora Verduzco),Colonia,Tecomán,Colima,Tecomán,28101,06,28101,,09,009,0120,Urbano,03
28170,Libertad,Colonia,Tecomán,Colima,Tecomán,28101,06,28101,,09,009,0125,Urbano,03
28180,Bugambilias,Colonia,Tecomán,Colima,Tecomán,28101,06,28101,,09,009,0126,Urbano,03
28180,La Floresta II,Colonia,Tecomán,Colima,Tecomán,28101,06,28101,,09,009,0127,Urbano,03
28180,Las Palmas,Colonia,Tecomán,Colima,Tecomán,28101,06,28101,,09,009,0128,Urbano,03
28180,San Miguel,Fraccionamiento,Tecomán,Colima,Tecomán,28101,06,28101,,21,009,0654,Urbano,03
28180,Villas del Rey,Colonia,Tecomán,Colima,Tecomán,28101,06,28101,,09,009,0132,Urbano,03
28180,Villa del Centenario,Colonia,Tecomán,Colima,Tecomán,28101,06,28101,,09,009,0131,Urbano,03
28180,Primaveras del Real,Colonia,Tecomán,Colima,Tecomán,28101,06,28101,,09,009,0129,Urbano,03
28184,San Carlos,Fraccionamiento,Tecomán,Colima,Tecomán,28101,06,28101,,21,009,0133,Urbano,03
28189,88 Batallón de Infantería,Colonia,Tecomán,Colima,Tecomán,28101,06,28101,,09,009,0448,Urbano,03
28190,San José,Colonia,Tecomán,Colima,Tecomán,28101,06,28101,,09,009,0135,Urbano,03
28190,Tuxpan,Colonia,Tecomán,Colima,Tecomán,28101,06,28101,,09,009,0136,Urbano,03
28190,Llanos de San José,Fraccionamiento,Tecomán,Colima,Tecomán,28101,06,28101,,21,009,0655,Urbano,03
28190,Gustavo Díaz Ordaz,Colonia,Tecomán,Colima,Tecomán,28101,06,28101,,09,009,0134,Urbano,03
28200,Manzanillo Centro,Colonia,Manzanillo,Colima,Manzanillo,28201,06,28201,,09,007,0137,Urbano,02
28209,Manzanillo (Playa de Oro),Aeropuerto,Manzanillo,Colima,Manzanillo,28201,06,28201,,01,007,0139,Rural,02
28210,Las Brisas,Colonia,Manzanillo,Colima,Manzanillo,28201,06,28201,,09,007,0140,Urbano,02
28217,Morelos,Colonia,Manzanillo,Colima,Manzanillo,28201,06,28201,,09,007,0141,Urbano,02
28218,Playa Azul,Colonia,Manzanillo,Colima,Manzanillo,28201,06,28201,,09,007,0142,Urbano,02
28218,Del Mar,Colonia,Manzanillo,Colima,Manzanillo,28201,06,28201,,09,007,0477,Urbano,02
28218,Aeroméxico,Fraccionamiento,Manzanillo,Colima,Manzanillo,28201,06,28201,,21,007,0814,Urbano,02
28219,Los Ciruelos,Fraccionamiento,Manzanillo,Colima,Manzanillo,28201,06,28201,,21,007,0018,Urbano,02
28219,Conjunto Primaveras,Fraccionamiento,Manzanillo,Colima,Manzanillo,28201,06,28201,,21,007,0020,Urbano,02
28219,Del Sol,Fraccionamiento,Manzanillo,Colima,Manzanillo,28201,06,28201,,21,007,0478,Urbano,02
28219,FETSE,Colonia,Manzanillo,Colima,Manzanillo,28201,06,28201,,09,007,0501,Urbano,02
28219,Rinconada del Valle,Fraccionamiento,Manzanillo,Colima,Manzanillo,28201,06,28201,,21,007,0019,Urbano,02
28219,Valle de las Garzas I,Fraccionamiento,Manzanillo,Colima,Manzanillo,28201,06,28201,,21,007,0144,Urbano,02
28219,La Esperanza,Colonia,Manzanillo,Colima,Manzanillo,28201,06,28201,,09,007,0519,Urbano,02
28219,Valle Dorado,Fraccionamiento,Manzanillo,Colima,Manzanillo,28201,06,28201,,21,007,0035,Urbano,02
28219,Plainco,Colonia,Manzanillo,Colima,Manzanillo,28201,06,28201,,09,007,0575,Urbano,02
28219,Playa Blanca,Colonia,Manzanillo,Colima,Manzanillo,28201,06,28201,,09,007,0576,Urbano,02
28219,Valle Esmeralda,Fraccionamiento,Manzanillo,Colima,Manzanillo,28201,06,28201,,21,007,0034,Urbano,02
28219,Playa de Oro,Colonia,Manzanillo,Colima,Manzanillo,28201,06,28201,,09,007,0577,Urbano,02
28219,Villa Mar,Colonia,Manzanillo,Colima,Manzanillo,28201,06,28201,,09,007,0605,Urbano,02
28219,Barrio 5,Colonia,Manzanillo,Colima,Manzanillo,28201,06,28201,,09,007,0646,Urbano,02
28219,Villa Océano,Colonia,Manzanillo,Colima,Manzanillo,28201,06,28201,,09,007,0686,Urbano,02
28219,Los Corales,Fraccionamiento,Manzanillo,Colima,Manzanillo,28201,06,28201,,21,007,0017,Urbano,02
28219,Parque industrial FONDEPORT,Zona industrial,Manzanillo,Colima,Manzanillo,28201,06,28201,,37,007,0498,Urbano,02
28219,Armada de México,Unidad habitacional,Manzanillo,Colima,Manzanillo,28201,06,28201,,31,007,0603,Urbano,02
28219,Playa Esmeralda,Colonia,Manzanillo,Colima,Manzanillo,28201,06,28201,,09,007,0013,Urbano,02
28219,El Pacífico,Colonia,Manzanillo,Colima,Manzanillo,28201,06,28201,,09,007,0143,Urbano,02
28219,Soleares,Fraccionamiento,Manzanillo,Colima,Manzanillo,28201,06,28201,,21,007,0596,Urbano,02
28219,Las Garzas,Fraccionamiento,Manzanillo,Colima,Manzanillo,28201,06,28201,,21,007,0685,Urbano,02
28219,Lomas del Valle,Fraccionamiento,Manzanillo,Colima,Manzanillo,28201,06,28201,,21,007,0012,Urbano,02
28219,Residencial Villa del Mar,Fraccionamiento,Manzanillo,Colima,Manzanillo,28201,06,28201,,21,007,0014,Urbano,02
28219,Residencial las Gaviotas,Fraccionamiento,Manzanillo,Colima,Manzanillo,28201,06,28201,,21,007,0016,Urbano,02
28219,Valle de las Garzas ll,Fraccionamiento,Manzanillo,Colima,Manzanillo,28201,06,28201,,21,007,0032,Urbano,02
28219,Playa Real,Colonia,Manzanillo,Colima,Manzanillo,28201,06,28201,,09,007,0578,Urbano,02
28219,Villa Coral,Fraccionamiento,Manzanillo,Colima,Manzanillo,28201,06,28201,,21,007,0823,Urbano,02
28230,Las Joyas,Colonia,Manzanillo,Colima,Manzanillo,28201,06,28201,,09,007,0145,Urbano,02
28230,Ignacio Zaragoza,Colonia,Manzanillo,Colima,Manzanillo,28201,06,28201,,09,007,0506,Urbano,02
28230,El Rocío,Colonia,Manzanillo,Colima,Manzanillo,28201,06,28201,,09,007,0492,Urbano,02
28236,Manzanillo,Puerto,Manzanillo,Colima,Manzanillo,28201,06,28201,,40,007,0859,Urbano,02
28237,La Gasera,Colonia,Manzanillo,Colima,Manzanillo,28201,06,28201,,09,007,0522,Urbano,02
28237,Punta Grande,Colonia,Manzanillo,Colima,Manzanillo,28201,06,28201,,09,007,0582,Urbano,02
28237,Benito Juárez,Colonia,Manzanillo,Colima,Manzanillo,28201,06,28201,,09,007,0146,Urbano,02
28237,Las Torres,Colonia,Manzanillo,Colima,Manzanillo,28201,06,28201,,09,007,0537,Urbano,02
28237,Leandro Valle,Colonia,Manzanillo,Colima,Manzanillo,28201,06,28201,,09,007,0541,Urbano,02
28238,Bellavista,Colonia,Manzanillo,Colima,Manzanillo,28201,06,28201,,09,007,0147,Urbano,02
28239,Loma Alta,Colonia,Manzanillo,Colima,Manzanillo,28201,06,28201,,09,007,0022,Urbano,02
28239,San Carlos,Colonia,Manzanillo,Colima,Manzanillo,28201,06,28201,,09,007,0588,Urbano,02
28239,Lomas de Gregorio Figueroa,Colonia,Manzanillo,Colima,Manzanillo,28201,06,28201,,09,007,0021,Urbano,02
28239,Primavera,Colonia,Manzanillo,Colima,Manzanillo,28201,06,28201,,09,007,0023,Urbano,02
28239,Tapeixtles,Colonia,Manzanillo,Colima,Manzanillo,28201,06,28201,,09,007,0342,Urbano,02
28239,La Negrita,Colonia,Manzanillo,Colima,Manzanillo,28201,06,28201,,09,007,0559,Urbano,02
28239,16 de Septiembre,Colonia,Manzanillo,Colima,Manzanillo,28201,06,28201,,09,007,0148,Urbano,02
28239,INDECO,Colonia,Manzanillo,Colima,Manzanillo,28201,06,28201,,09,007,0507,Urbano,02
28239,Isla Real,Colonia,Manzanillo,Colima,Manzanillo,28201,06,28201,,09,007,0509,Urbano,02
28240,Punta Chica,Colonia,Manzanillo,Colima,Manzanillo,28201,06,28201,,09,007,0149,Urbano,02
28250,Burócrata,Colonia,Manzanillo,Colima,Manzanillo,28201,06,28201,,09,007,0150,Urbano,02
28259,San Pedrito,Colonia,Manzanillo,Colima,Manzanillo,28201,06,28201,,09,007,0151,Urbano,02
28260,Libertad,Colonia,Manzanillo,Colima,Manzanillo,28201,06,28201,,09,007,0152,Urbano,02
28269,Cuauhtémoc,Colonia,Manzanillo,Colima,Manzanillo,28201,06,28201,,09,007,0153,Urbano,02
28269,Sector 5,Colonia,Manzanillo,Colima,Manzanillo,28201,06,28201,,09,007,0033,Urbano,02
28269,Alameda,Colonia,Manzanillo,Colima,Manzanillo,28201,06,28201,,09,007,0452,Urbano,02
28270,Padre Hidalgo,Colonia,Manzanillo,Colima,Manzanillo,28201,06,28201,,09,007,0154,Urbano,02
28277,IMSS,Unidad habitacional,Manzanillo,Colima,Manzanillo,28201,06,28201,,31,007,0155,Urbano,02
28278,Pedregoza,Colonia,Manzanillo,Colima,Manzanillo,28201,06,28201,,09,007,0156,Urbano,02
28279,Bonanza,Colonia,Manzanillo,Colima,Manzanillo,28201,06,28201,,09,007,0157,Urbano,02
28280,Costa Azul,Condominio,Manzanillo,Colima,Manzanillo,28201,06,28201,,10,007,0158,Urbano,02
28300,Armería Centro,Colonia,Armería,Colima,Ciudad de Armería,28301,06,28301,,09,001,0159,Urbano,05
28304,Lindavista,Colonia,Armería,Colima,Ciudad de Armería,28301,06,28301,,09,001,0163,Urbano,05
28304,Cristo Rey,Colonia,Armería,Colima,Ciudad de Armería,28301,06,28301,,09,001,0161,Urbano,05
28304,Lázaro Cárdenas,Colonia,Armería,Colima,Ciudad de Armería,28301,06,28301,,09,001,0162,Urbano,05
28305,Ejido,Colonia,Armería,Colima,Ciudad de Armería,28301,06,28301,,09,001,0164,Urbano,05
28306,Independencia,Colonia,Armería,Colima,Ciudad de Armería,28301,06,28301,,09,001,0166,Urbano,05
28306,Emiliano Zapata,Colonia,Armería,Colima,Ciudad de Armería,28301,06,28301,,09,001,0165,Urbano,05
28307,Gregorio Torres Quintero,Colonia,Armería,Colima,Ciudad de Armería,28301,06,28301,,09,001,0169,Urbano,05
28307,Sagrado Corazón,Colonia,Armería,Colima,Ciudad de Armería,28301,06,28301,,09,001,0778,Urbano,05
28307,El Arenal,Colonia,Armería,Colima,Ciudad de Armería,28301,06,28301,,09,001,0776,Urbano,05
28307,El Campanario,Colonia,Armería,Colima,Ciudad de Armería,28301,06,28301,,09,001,0167,Urbano,05
28307,Valle del Sol,Fraccionamiento,Armería,Colima,Ciudad de Armería,28301,06,28301,,21,001,0777,Urbano,05
28307,El Pelillo,Colonia,Armería,Colima,Ciudad de Armería,28301,06,28301,,09,001,0168,Urbano,05
28307,Hacienda las Primaveras,Colonia,Armería,Colima,Ciudad de Armería,28301,06,28301,,09,001,0001,Urbano,05
28310,Rincón de Lopez,Ranchería,Armería,Colima,,28301,06,28301,,29,001,0170,Rural,
28315,El Puertecito,Ranchería,Armería,Colima,,28301,06,28301,,29,001,0171,Rural,
28317,Augusto Gómez Villanueva (Coalatilla),Ejido,Armería,Colima,,28301,06,28301,,15,001,0172,Rural,
28317,Coalatillo,Ejido,Armería,Colima,,28301,06,28301,,15,001,0173,Rural,
28320,Cofradía de Juárez,Pueblo,Armería,Colima,,28301,06,28301,,28,001,0174,Rural,
28330,Flor de Coco,Pueblo,Armería,Colima,,28301,06,28301,,28,001,0497,Rural,
28330,Periquillo,Ranchería,Armería,Colima,,28301,06,28301,,29,001,0175,Rural,
28330,Sagrado Corazón,Pueblo,Armería,Colima,,28301,06,28301,,28,001,0587,Rural,
28335,Paseo del Río,Hacienda,Armería,Colima,,28301,06,28301,,24,001,0176,Rural,
28340,Zorrillos,Ejido,Armería,Colima,,28301,06,28301,,15,001,0178,Rural,
28340,Los Reyes (Zorrillos),Ejido,Armería,Colima,,28301,06,28301,,15,001,0177,Rural,
28348,El Ciruelo,Ranchería,Armería,Colima,,28301,06,28301,,29,001,0179,Rural,
28350,Cuyutlán,Ranchería,Armería,Colima,,28301,06,28301,,29,001,0181,Rural,
28350,El Paraíso [Balneario],Ranchería,Armería,Colima,,28301,06,28301,,29,001,0182,Rural,
28362,El Banco de Jicotán,Exhacienda,Armería,Colima,,28301,06,28301,,18,001,0183,Rural,
28400,El Chical,Ranchería,Coquimatlán,Colima,,28401,06,28401,,29,004,0186,Rural,
28400,San Miguel,Colonia,Coquimatlán,Colima,,28401,06,28401,,09,004,0592,Urbano,
28400,Jala,Ranchería,Coquimatlán,Colima,,28401,06,28401,,29,004,0187,Rural,
28400,Coquimatlán,Pueblo,Coquimatlán,Colima,,28401,06,28401,,28,004,0185,Urbano,
28400,Elías Zamora Verduzco,Colonia,Coquimatlán,Colima,,28401,06,28401,,09,004,0493,Urbano,
28400,La Esperanza,Ranchería,Coquimatlán,Colima,,28401,06,28401,,29,004,0188,Rural,
28400,Valle de las Huertas,Fraccionamiento,Coquimatlán,Colima,,28401,06,28401,,21,004,0001,Urbano,
28400,Camichines,Colonia,Coquimatlán,Colima,,28401,06,28401,,09,004,0462,Urbano,
28400,Cazumba,Colonia,Coquimatlán,Colima,,28401,06,28401,,09,004,0465,Urbano,
28400,Emiliano Zapata,Colonia,Coquimatlán,Colima,,28401,06,28401,,09,004,0480,Urbano,
28400,Santa Rita,Colonia,Coquimatlán,Colima,,28401,06,28401,,09,004,0002,Urbano,
28400,Jardines del Llano,Colonia,Coquimatlán,Colima,,28401,06,28401,,09,004,0511,Urbano,
28400,Las Higueras,Colonia,Coquimatlán,Colima,,28401,06,28401,,09,004,0533,Urbano,
28400,Agua Zarca,Ranchería,Coquimatlán,Colima,,28401,06,28401,,29,004,0184,Rural,
28400,La Sidra,Ranchería,Coquimatlán,Colima,,28401,06,28401,,29,004,0189,Rural,
28400,Las Moras,Colonia,Coquimatlán,Colima,,28401,06,28401,,09,004,0791,Urbano,
28402,El Poblado,Ranchería,Coquimatlán,Colima,,28401,06,28401,,29,004,0191,Rural,
28403,Los Limones,Pueblo,Coquimatlán,Colima,,28401,06,28401,,28,004,0719,Rural,
28405,El Algodonal,Ranchería,Coquimatlán,Colima,,28401,06,28401,,29,004,0192,Rural,
28410,Juárez,Pueblo,Coquimatlán,Colima,,28401,06,28401,,28,004,0193,Urbano,
28450,Aguajitos,Colonia,Comala,Colima,,28451,06,28451,,09,003,0451,Rural,
28450,Francisco Ramírez Villarreal,Colonia,Comala,Colima,,28451,06,28451,,09,003,0580,Urbano,
28450,Campo Verde,Colonia,Comala,Colima,,28451,06,28451,,09,003,0845,Urbano,
28450,Celsa Virgen,Colonia,Comala,Colima,,28451,06,28451,,09,003,0780,Rural,
28450,Real Nogueras,Colonia,Comala,Colima,,28451,06,28451,,09,003,0847,Urbano,
28450,Barrio Alto,Colonia,Comala,Colima,,28451,06,28451,,09,003,0851,Urbano,
28450,Campestre Comala,Colonia,Comala,Colima,,28451,06,28451,,09,003,0852,Urbano,
28450,Comala,Pueblo,Comala,Colima,,28451,06,28451,,28,003,0194,Urbano,
28450,Cuauhtémoc,Colonia,Comala,Colima,,28451,06,28451,,09,003,0474,Urbano,
28450,Lázaro Cárdenas,Colonia,Comala,Colima,,28451,06,28451,,09,003,0538,Urbano,
28450,La Trinidad,Colonia,Comala,Colima,,28451,06,28451,,09,003,0782,Urbano,
28450,Lomas del Pedregal,Colonia,Comala,Colima,,28451,06,28451,,09,003,0848,Urbano,
28450,Lomas Altas,Colonia,Comala,Colima,,28451,06,28451,,09,003,0849,Urbano,
28450,Real de Mendoza,Colonia,Comala,Colima,,28451,06,28451,,09,003,0850,Urbano,
28450,Campestre San Juan,Colonia,Comala,Colima,,28451,06,28451,,09,003,0783,Rural,
28450,Miguel de La Madrid Hurtado,Colonia,Comala,Colima,,28451,06,28451,,09,003,0785,Rural,
28450,Lomas de Comala,Colonia,Comala,Colima,,28451,06,28451,,09,003,0786,Rural,
28450,Solidaridad Aguajitos,Colonia,Comala,Colima,,28451,06,28451,,09,003,0846,Urbano,
28450,Zacualpan,Ranchería,Comala,Colima,,28451,06,28451,,29,003,0195,Rural,
28450,Los Aguajes,Colonia,Comala,Colima,,28451,06,28451,,09,003,0550,Urbano,
28450,Santa Cecilia,Colonia,Comala,Colima,,28451,06,28451,,09,003,0781,Urbano,
28450,La Cañada,Colonia,Comala,Colima,,28451,06,28451,,09,003,0784,Rural,
28452,La Caja,Ranchería,Comala,Colima,,28451,06,28451,,29,003,0197,Rural,
28454,La Yerbabuena,Ranchería,Comala,Colima,,28451,06,28451,,29,003,0530,Rural,
28454,Nogueras,Ranchería,Comala,Colima,,28451,06,28451,,29,003,0198,Rural,
28455,Los Llanitos,Ranchería,Comala,Colima,,28451,06,28451,,29,003,0199,Rural,
28457,Los Corrales,Ranchería,Comala,Colima,,28451,06,28451,,29,003,0200,Rural,
28459,Suchitlán,Ranchería,Comala,Colima,,28451,06,28451,,29,003,0201,Rural,
28460,Cofradía de Suchitlán,Ranchería,Comala,Colima,,28451,06,28451,,29,003,0202,Rural,
28460,La Nogalera,Ranchería,Comala,Colima,,28451,06,28451,,29,003,0720,Rural,
28461,El Remate,Ranchería,Comala,Colima,,28451,06,28451,,29,003,0203,Rural,
28462,Lagunitas,Ranchería,Comala,Colima,,28451,06,28451,,29,003,0204,Rural,
28463,Barranca del Agua,Ranchería,Comala,Colima,,28451,06,28451,,29,003,0205,Rural,
28463,San Antonio,Exhacienda,Comala,Colima,,28451,06,28451,,18,003,0206,Rural,
28464,La Becerrera,Ranchería,Comala,Colima,,28451,06,28451,,29,003,0207,Rural,
28464,La María,Ranchería,Comala,Colima,,28451,06,28451,,29,003,0208,Rural,
28465,Los Colomos,Ranchería,Comala,Colima,,28451,06,28451,,29,003,0209,Rural,
28466,El Remudadero,Ranchería,Comala,Colima,,28451,06,28451,,29,003,0212,Rural,
28466,Agosto,Ranchería,Comala,Colima,,28451,06,28451,,29,003,0210,Rural,
28466,Colomitos,Ranchería,Comala,Colima,,28451,06,28451,,29,003,0211,Rural,
28469,Campo Cuatro,Ranchería,Comala,Colima,,28451,06,28451,,29,003,0213,Rural,
28500,Cuauhtémoc,Pueblo,Cuauhtémoc,Colima,,28501,06,28501,,28,005,0214,Urbano,
28500,El Toreo,Colonia,Cuauhtémoc,Colima,,28501,06,28501,,09,005,0643,Urbano,
28500,El Rastro,Colonia,Cuauhtémoc,Colima,,28501,06,28501,,09,005,0644,Rural,
28504,Los Monos,Colonia,Cuauhtémoc,Colima,,28501,06,28501,,09,005,0551,Urbano,
28504,San Rafael,Fraccionamiento,Cuauhtémoc,Colima,,28501,06,28501,,21,005,0593,Urbano,
28504,La Presa,Colonia,Cuauhtémoc,Colima,,28501,06,28501,,09,005,0525,Urbano,
28504,Campestre San Jerónimo,Colonia,Cuauhtémoc,Colima,,28501,06,28501,,09,005,0691,Urbano,
28504,Griselda Alvarez Ponce de León,Colonia,Cuauhtémoc,Colima,,28501,06,28501,,09,005,0503,Urbano,
28504,Lomas Santa Cruz,Fraccionamiento,Cuauhtémoc,Colima,,28501,06,28501,,21,005,0003,Urbano,
28504,La Cayetana,Colonia,Cuauhtémoc,Colima,,28501,06,28501,,09,005,0692,Urbano,
28504,La Escondida,Colonia,Cuauhtémoc,Colima,,28501,06,28501,,09,005,0695,Urbano,
28506,San Jerónimo,Colonia,Cuauhtémoc,Colima,,28501,06,28501,,09,005,0760,Urbano,
28506,Emiliano Zapata,Colonia,Cuauhtémoc,Colima,,28501,06,28501,,09,005,0495,Urbano,
28507,Valle Real,Colonia,Cuauhtémoc,Colima,,28501,06,28501,,09,005,0001,Urbano,
28507,Las Higueras,Colonia,Cuauhtémoc,Colima,,28501,06,28501,,09,005,0534,Urbano,
28509,Estación Alzada,Paraje,Cuauhtémoc,Colima,,28501,06,28501,,45,005,0216,Rural,
28510,Santa Mariana,Colonia,Cuauhtémoc,Colima,,28511,06,28511,,09,005,0006,Urbano,
28510,Quesería,Colonia,Cuauhtémoc,Colima,,28511,06,28511,,09,005,0217,Urbano,
28513,El Arenal,Colonia,Cuauhtémoc,Colima,,28511,06,28511,,09,005,0005,Urbano,
28513,México,Colonia,Cuauhtémoc,Colima,,28511,06,28511,,09,005,0007,Urbano,
28513,Ermita,Colonia,Cuauhtémoc,Colima,,28511,06,28511,,09,005,0790,Urbano,
28514,La Cruz,Colonia,Cuauhtémoc,Colima,,28511,06,28511,,09,005,0516,Urbano,
28515,Concepción Barbosa,Colonia,Cuauhtémoc,Colima,,28511,06,28511,,09,005,0473,Urbano,
28516,Arsenio Farell Cubillas,Colonia,Cuauhtémoc,Colima,,28511,06,28511,,09,005,0564,Urbano,
28517,Solidaridad,Colonia,Cuauhtémoc,Colima,,28511,06,28511,,09,005,0597,Rural,
28520,Alcaraces,Ranchería,Cuauhtémoc,Colima,,28511,06,28511,,29,005,0219,Rural,
28521,Palmillas,Ranchería,Cuauhtémoc,Colima,,28501,06,28501,,29,005,0220,Rural,
28522,El Barro,Ranchería,Cuauhtémoc,Colima,,28511,06,28511,,29,005,0221,Rural,
28523,Cerro Colorado,Ranchería,Cuauhtémoc,Colima,,28501,06,28501,,29,005,0222,Rural,
28530,Altozano,Condominio,Cuauhtémoc,Colima,,28501,06,28501,,10,005,0004,Rural,
28530,Chiapa,Hacienda,Cuauhtémoc,Colima,,28501,06,28501,,24,005,0224,Rural,
28530,Ocotillo,Ranchería,Cuauhtémoc,Colima,,28501,06,28501,,29,005,0225,Rural,
28530,Chiapa,Ranchería,Cuauhtémoc,Colima,,28501,06,28501,,29,005,0223,Rural,
28531,Montitlán,Ranchería,Cuauhtémoc,Colima,,28511,06,28511,,29,005,0226,Rural,
28532,Naranjal,Ranchería,Cuauhtémoc,Colima,,28501,06,28501,,29,005,0227,Rural,
28550,El Campanario,Colonia,Cuauhtémoc,Colima,,28501,06,28501,,09,005,0002,Urbano,
28550,Lagunilla,Colonia,Cuauhtémoc,Colima,,28501,06,28501,,09,005,0008,Urbano,
28550,San Joaquín,Ranchería,Cuauhtémoc,Colima,,28501,06,28501,,29,005,0229,Rural,
28550,El Trapiche,Ranchería,Cuauhtémoc,Colima,,28501,06,28501,,29,005,0228,Rural,
28553,El Cóbano,Hacienda,Cuauhtémoc,Colima,,28501,06,28501,,24,005,0230,Rural,
28554,El Parián,Ranchería,Cuauhtémoc,Colima,,28501,06,28501,,29,005,0231,Rural,
28555,La Palma,Ranchería,Cuauhtémoc,Colima,,28501,06,28501,,29,005,0232,Rural,
28557,ISENCO,Equipamiento,Cuauhtémoc,Colima,,28001,06,28001,,17,005,0856,Rural,
28590,Buenavista,Ejido,Cuauhtémoc,Colima,,28501,06,28501,,15,005,0233,Rural,
28597,Bajío de la Leona,Pueblo,Cuauhtémoc,Colima,,28501,06,28501,,28,005,0799,Rural,
28599,Colima (Lic. Miguel de la Madrid Hurtado),Aeropuerto,Cuauhtémoc,Colima,,28501,06,28501,,01,005,0234,Rural,
28600,Puerta de Ánzar,Ranchería,Colima,Colima,,28001,06,28001,,29,002,0237,Rural,
28600,Los Tepames,Pueblo,Colima,Colima,,28001,06,28001,,28,002,0238,Rural,
28600,Estapilla,Ejido,Colima,Colima,,28001,06,28001,,15,002,0235,Rural,
28600,El Amarradero,Ranchería,Colima,Colima,,28001,06,28001,,29,002,0482,Rural,
28600,Tinajas,Ranchería,Colima,Colima,,28001,06,28001,,29,002,0240,Rural,
28600,Piscila,Ejido,Colima,Colima,,28001,06,28001,,15,002,0236,Rural,
28600,Ticuizitán,Ranchería,Colima,Colima,,28001,06,28001,,29,002,0239,Rural,
28602,La Tabaquera,Ranchería,Colima,Colima,,28001,06,28001,,29,002,0242,Rural,
28602,Las Anonas,Ranchería,Colima,Colima,,28001,06,28001,,29,002,0243,Rural,
28610,El Chanal,Ranchería,Colima,Colima,,28001,06,28001,,29,002,0244,Rural,
28610,Francisco I Madero,Ranchería,Colima,Colima,,28001,06,28001,,29,002,0245,Rural,
28613,La Capacha,Ranchería,Colima,Colima,,28001,06,28001,,29,002,0247,Rural,
28615,La Puerta Pesada,Ranchería,Colima,Colima,,28001,06,28001,,29,002,0248,Rural,
28619,Cardona,Ejido,Colima,Colima,,28001,06,28001,,15,002,0249,Rural,
28620,Ejidal,Colonia,Colima,Colima,,28001,06,28001,,09,002,0803,Rural,
28620,J. Jesús Ríos,Colonia,Colima,Colima,,28001,06,28001,,09,002,0804,Rural,
28620,Lo de Villa,Colonia,Colima,Colima,,28001,06,28001,,09,002,0250,Rural,
28626,El Alpuyequito,Ranchería,Colima,Colima,,28001,06,28001,,29,002,0099,Rural,
28627,Loma de Juárez (El Mezquite),Ranchería,Colima,Colima,,28001,06,28001,,29,002,0252,Rural,
28628,Los Mezcales,Ranchería,Colima,Colima,,28001,06,28001,,29,002,0253,Rural,
28629,Las Golondrinas,Ranchería,Colima,Colima,,28001,06,28001,,29,002,0254,Rural,
28629,Loma de Juárez,Ranchería,Colima,Colima,,28001,06,28001,,29,002,0546,Rural,
28630,El Bordo,Ranchería,Colima,Colima,,28001,06,28001,,29,002,0255,Rural,
28633,La Media Luna,Pueblo,Colima,Colima,,28001,06,28001,,28,002,0797,Rural,
28634,El Astillero de Abajo,Ranchería,Colima,Colima,,28001,06,28001,,29,002,0483,Rural,
28634,El Astillero de Arriba,Ranchería,Colima,Colima,,28001,06,28001,,29,002,0484,Rural,
28634,Trapichillos,Ranchería,Colima,Colima,,28001,06,28001,,29,002,0600,Rural,
28635,Ignacio Allende,Pueblo,Colima,Colima,,28001,06,28001,,28,002,0798,Rural,
28638,Corralitos,Ranchería,Colima,Colima,,28001,06,28001,,29,002,0256,Rural,
28640,Los Asmoles,Ranchería,Colima,Colima,,28001,06,28001,,29,002,0257,Rural,
28640,La Salada,Ranchería,Colima,Colima,,28001,06,28001,,29,002,0527,Rural,
28641,El Alpuyeque,Ranchería,Colima,Colima,,28001,06,28001,,29,002,0258,Rural,
28645,Acatitán,Ranchería,Colima,Colima,,28001,06,28001,,29,002,0259,Rural,
28646,Las Guásimas (Las Borregas),Ranchería,Colima,Colima,,28001,06,28001,,29,002,0260,Rural,
28647,Los Ortices,Ranchería,Colima,Colima,,28001,06,28001,,29,002,0261,Rural,
28650,Paso del Zarco,Ranchería,Colima,Colima,,28001,06,28001,,29,002,0262,Rural,
28655,La Higuerita,Ranchería,Colima,Colima,,28001,06,28001,,29,002,0263,Rural,
28668,Las Tunas,Ranchería,Colima,Colima,,28001,06,28001,,29,002,0264,Rural,
28700,6 de Enero,Colonia,Ixtlahuacán,Colima,,28706,06,28706,,09,006,0595,Urbano,
28700,Mojotal,Colonia,Ixtlahuacán,Colima,,28706,06,28706,,09,006,0557,Urbano,
28700,11 Pueblos,Colonia,Ixtlahuacán,Colima,,28706,06,28706,,09,006,0568,Urbano,
28700,Los Gobernadores,Colonia,Ixtlahuacán,Colima,,28706,06,28706,,09,006,0001,Urbano,
28700,Ojo de Agua,Colonia,Ixtlahuacán,Colima,,28706,06,28706,,09,006,0566,Rural,
28700,Carlos de la Madrid Virgen,Colonia,Ixtlahuacán,Colima,,28706,06,28706,,09,006,0002,Urbano,
28700,Ixtlahuácan,Pueblo,Ixtlahuacán,Colima,,28706,06,28706,,28,006,0266,Urbano,
28700,Daniel Contreras Lara,Colonia,Ixtlahuacán,Colima,,28706,06,28706,,09,006,0003,Urbano,
28703,Jiliotupa,Ejido,Ixtlahuacán,Colima,,28706,06,28706,,15,006,0269,Rural,
28704,Las Trancas,Ejido,Ixtlahuacán,Colima,,28706,06,28706,,15,006,0270,Rural,
28705,La Presa (Barranca del Rebozo),Ejido,Ixtlahuacán,Colima,,28706,06,28706,,15,006,0274,Rural,
28705,Lázaro Cárdenas,Colonia,Ixtlahuacán,Colima,,28706,06,28706,,09,006,0539,Rural,
28720,Aquiles Serdán (Tamala),Ejido,Ixtlahuacán,Colima,,28706,06,28706,,15,006,0276,Rural,
28724,San Gabriel,Ranchería,Ixtlahuacán,Colima,,28706,06,28706,,29,006,0277,Rural,
28730,Chamila,Ranchería,Ixtlahuacán,Colima,,28706,06,28706,,29,006,0275,Rural,
28730,Zinacamitlán (Los Chicos),Ranchería,Ixtlahuacán,Colima,,28706,06,28706,,29,006,0267,Rural,
28730,Santa Inés,Ranchería,Ixtlahuacán,Colima,,28706,06,28706,,29,006,0280,Rural,
28730,La Tunita,Ranchería,Ixtlahuacán,Colima,,28706,06,28706,,29,006,0281,Rural,
28733,La Tepamera,Ranchería,Ixtlahuacán,Colima,,28706,06,28706,,29,006,0279,Rural,
28733,Las Anonas,Colonia,Ixtlahuacán,Colima,,28706,06,28706,,09,006,0531,Rural,
28734,El Camichín (Veintiséis de Julio),Ranchería,Ixtlahuacán,Colima,,28706,06,28706,,29,006,0271,Rural,
28734,El Aserradero,Ranchería,Ixtlahuacán,Colima,,28706,06,28706,,29,006,0282,Rural,
28734,Agua de la Virgen,Ranchería,Ixtlahuacán,Colima,,28706,06,28706,,29,006,0265,Rural,
28735,Higueras de Santa Rosa,Ranchería,Ixtlahuacán,Colima,,28706,06,28706,,29,006,0802,Rural,
28735,El Capire,Ranchería,Ixtlahuacán,Colima,,28706,06,28706,,29,006,0283,Rural,
28735,Las Conchas,Ranchería,Ixtlahuacán,Colima,,28706,06,28706,,29,006,0268,Rural,
28736,El Galaje,Ranchería,Ixtlahuacán,Colima,,28706,06,28706,,29,006,0284,Rural,
28750,Los Mangos,Colonia,Minatitlán,Colima,,28751,06,28751,,09,008,0002,Urbano,
28750,Carlos de La Madrid Vejar,Colonia,Minatitlán,Colima,,28751,06,28751,,09,008,0464,Urbano,
28750,Minatitlán,Colonia,Minatitlán,Colima,,28751,06,28751,,09,008,0285,Urbano,
28750,Progreso,Colonia,Minatitlán,Colima,,28751,06,28751,,09,008,0581,Urbano,
28750,Infonavit,Colonia,Minatitlán,Colima,,28751,06,28751,,09,008,0508,Urbano,
28750,27 de Octubre,Colonia,Minatitlán,Colima,,28751,06,28751,,09,008,0001,Urbano,
28760,Agua Salada,Ejido,Minatitlán,Colima,,28751,06,28751,,15,008,0287,Rural,
28761,La Loma,Ranchería,Minatitlán,Colima,,28751,06,28751,,29,008,0288,Rural,
28765,El Sauz,Ranchería,Minatitlán,Colima,,28751,06,28751,,29,008,0289,Rural,
28767,San Antonio,Congregación,Minatitlán,Colima,,28751,06,28751,,11,008,0290,Rural,
28767,Paticajo,Colonia,Minatitlán,Colima,,28751,06,28751,,09,008,0569,Rural,
28772,El Terrero,Ranchería,Minatitlán,Colima,,28751,06,28751,,29,008,0291,Rural,
28774,Ranchitos,Ranchería,Minatitlán,Colima,,28751,06,28751,,29,008,0292,Rural,
28780,El Arrayanal,Ranchería,Minatitlán,Colima,,28751,06,28751,,29,008,0293,Rural,
28783,La Playa (La Playita),Ranchería,Minatitlán,Colima,,28751,06,28751,,29,008,0294,Rural,
28784,Potrero Grande,Ranchería,Minatitlán,Colima,,28751,06,28751,,29,008,0295,Rural,
28785,Plan de Méndez,Ranchería,Minatitlán,Colima,,28751,06,28751,,29,008,0296,Rural,
28788,Palo Verde,Ranchería,Minatitlán,Colima,,28751,06,28751,,29,008,0297,Rural,
28792,Las Guásimas,Ranchería,Minatitlán,Colima,,28751,06,28751,,29,008,0298,Rural,
28792,Peña Colorada (Fierro),Pueblo,Minatitlán,Colima,,28751,06,28751,,28,008,0716,Rural,
28795,El Nogal,Ranchería,Minatitlán,Colima,,28751,06,28751,,29,008,0299,Rural,
28796,Agua Fría,Ranchería,Minatitlán,Colima,,28751,06,28751,,29,008,0300,Rural,
28800,El Paraíso,Colonia,Manzanillo,Colima,,28201,06,28201,,09,007,0490,Urbano,
28800,La Lupita,Colonia,Manzanillo,Colima,,28201,06,28201,,09,007,0523,Urbano,
28800,5 de Mayo,Colonia,Manzanillo,Colima,,28201,06,28201,,09,007,0468,Urbano,
28800,El Garcero,Colonia,Manzanillo,Colima,,28201,06,28201,,09,007,0488,Urbano,
28800,Arturo Noriega Pizano,Colonia,Manzanillo,Colima,,28201,06,28201,,09,007,0457,Urbano,
28800,La Cima,Colonia,Manzanillo,Colima,,28201,06,28201,,09,007,0514,Urbano,
28800,Lázaro Cárdenas,Colonia,Manzanillo,Colima,,28201,06,28201,,09,007,0540,Urbano,
28800,María Luisa Campero,Colonia,Manzanillo,Colima,,28201,06,28201,,09,007,0554,Urbano,
28800,La Playita,Colonia,Manzanillo,Colima,,28201,06,28201,,09,007,0694,Urbano,
28800,Zona Centro El Colomo,Colonia,Manzanillo,Colima,,28201,06,28201,,09,007,0301,Urbano,
28800,El Libramiento,Colonia,Manzanillo,Colima,,28201,06,28201,,09,007,0489,Urbano,
28800,Miguel de La Madrid,Colonia,Manzanillo,Colima,,28201,06,28201,,09,007,0556,Urbano,
28800,San Francisco,Colonia,Manzanillo,Colima,,28201,06,28201,,09,007,0589,Urbano,
28800,20 de Noviembre,Colonia,Manzanillo,Colima,,28201,06,28201,,09,007,0602,Urbano,
28800,Residencial el Colomo,Fraccionamiento,Manzanillo,Colima,,28201,06,28201,,21,007,0024,Urbano,
28800,Las Juntas,Ejido,Manzanillo,Colima,,28201,06,28201,,15,007,0302,Urbano,
28800,López Mateos,Colonia,Manzanillo,Colima,,28201,06,28201,,09,007,0549,Urbano,
28800,La Calma,Colonia,Manzanillo,Colima,,28201,06,28201,,09,007,0693,Urbano,
28800,Marina Nacional,Colonia,Manzanillo,Colima,,28201,06,28201,,09,007,0555,Urbano,
28807,Lic. Luis Echeverría Álvarez,Ejido,Manzanillo,Colima,,28201,06,28201,,15,007,0027,Rural,
28808,Aquarium,Fraccionamiento,Manzanillo,Colima,,28201,06,28201,,21,007,0688,Urbano,
28808,Villa Florida,Colonia,Manzanillo,Colima,,28201,06,28201,,09,007,0304,Urbano,
28809,Campos,Colonia,Manzanillo,Colima,,28201,06,28201,,09,007,0305,Urbano,
28810,Los Cedros,Ranchería,Manzanillo,Colima,,28201,06,28201,,29,007,0306,Rural,
28811,Lomas de Avila Camacho,Ejido,Manzanillo,Colima,,28201,06,28201,,15,007,0307,Rural,
28812,El Huizcolote,Ejido,Manzanillo,Colima,,28201,06,28201,,15,007,0308,Rural,
28813,Ciruelito de la Marina,Ranchería,Manzanillo,Colima,,28201,06,28201,,29,007,0309,Rural,
28814,Camichín,Ranchería,Manzanillo,Colima,,28201,06,28201,,29,007,0310,Rural,
28815,Canoas,Ranchería,Manzanillo,Colima,,28201,06,28201,,29,007,0312,Rural,
28815,El Puertecillo O Tepeguajes,Ranchería,Manzanillo,Colima,,28201,06,28201,,29,007,0311,Rural,
28817,La Rosa,Ejido,Manzanillo,Colima,,28201,06,28201,,15,007,0313,Rural,
28819,San José de Lúmber (Piedra Redonda),Ranchería,Manzanillo,Colima,,28201,06,28201,,29,007,0315,Rural,
28820,El Chico,Colonia,Manzanillo,Colima,,28861,06,28861,,09,007,0487,Rural,
28820,Veladero de los Otates,Ranchería,Manzanillo,Colima,,28861,06,28861,,29,007,0316,Rural,
28825,La Lima,Ranchería,Manzanillo,Colima,,28201,06,28201,,29,007,0317,Rural,
28826,Don Tomás,Ranchería,Manzanillo,Colima,,28861,06,28861,,29,007,0318,Rural,
28830,El Chavarín,Ranchería,Manzanillo,Colima,,48971,06,48971,,29,007,0319,Rural,
28833,El Charco,Ejido,Manzanillo,Colima,,48971,06,48971,,15,007,0320,Rural,
28834,Río Marabasco,Ejido,Manzanillo,Colima,,48971,06,48971,,15,007,0321,Rural,
28836,Emiliano Zapata,Ranchería,Manzanillo,Colima,,48971,06,48971,,29,007,0322,Rural,
28837,La Ciénega,Ranchería,Manzanillo,Colima,,48971,06,48971,,29,007,0323,Rural,
28838,El Centinela de Arriba,Ranchería,Manzanillo,Colima,,48971,06,48971,,29,007,0324,Rural,
28838,Isla Navidad,Fraccionamiento,Manzanillo,Colima,,48971,06,48971,,21,007,0696,Rural,
28838,La Culebra (Colimilla),Pueblo,Manzanillo,Colima,,48971,06,48971,,28,007,0718,Rural,
28840,Chandiablo,Ranchería,Manzanillo,Colima,,28861,06,28861,,29,007,0325,Rural,
28844,Valle Paraíso,Fraccionamiento,Manzanillo,Colima,,28861,06,28861,,21,007,0831,Rural,
28849,El Petatero,Ranchería,Manzanillo,Colima,,28861,06,28861,,29,007,0326,Rural,
28850,Camotlán de Miraflores,Ranchería,Manzanillo,Colima,,28201,06,28201,,29,007,0327,Rural,
28855,Veladero de Camotlán,Ranchería,Manzanillo,Colima,,28201,06,28201,,29,007,0328,Rural,
28858,El Bosque,Ranchería,Manzanillo,Colima,,28201,06,28201,,29,007,0329,Rural,
28860,Santiago,Colonia,Manzanillo,Colima,Manzanillo,28861,06,28861,,09,007,0331,Urbano,02
28860,Olas Altas,Colonia,Manzanillo,Colima,Manzanillo,28861,06,28861,,09,007,0567,Urbano,02
28860,La Querencia,Colonia,Manzanillo,Colima,Manzanillo,28861,06,28861,,09,007,0011,Urbano,02
28863,El Cerrito,Colonia,Manzanillo,Colima,Manzanillo,28861,06,28861,,09,007,0486,Urbano,02
28863,Abelardo L. Rodríguez,Colonia,Manzanillo,Colima,Manzanillo,28861,06,28861,,09,007,0449,Urbano,02
28863,Francisco Villa,Colonia,Manzanillo,Colima,Manzanillo,28861,06,28861,,09,007,0500,Urbano,02
28863,Colinas de Santiago,Colonia,Manzanillo,Colima,Manzanillo,28861,06,28861,,09,007,0471,Urbano,02
28863,La Cruz,Colonia,Manzanillo,Colima,Manzanillo,28861,06,28861,,09,007,0517,Urbano,02
28863,Obradores,Colonia,Manzanillo,Colima,Manzanillo,28861,06,28861,,09,007,0562,Urbano,02
28863,Porfirio Gaytán,Colonia,Manzanillo,Colima,Manzanillo,28861,06,28861,,09,007,0579,Urbano,02
28863,San Isidro Labrador,Colonia,Manzanillo,Colima,Manzanillo,28861,06,28861,,09,007,0590,Urbano,02
28863,El Jabalí,Colonia,Manzanillo,Colima,Manzanillo,28861,06,28861,,09,007,0512,Urbano,02
28863,Las Flores,Colonia,Manzanillo,Colima,Manzanillo,28861,06,28861,,09,007,0532,Urbano,02
28863,Perla de Occidente,Colonia,Manzanillo,Colima,Manzanillo,28861,06,28861,,09,007,0574,Urbano,02
28863,San Martín,Colonia,Manzanillo,Colima,Manzanillo,28861,06,28861,,09,007,0591,Urbano,02
28863,Loma Bonita,Colonia,Manzanillo,Colima,Manzanillo,28861,06,28861,,09,007,0618,Urbano,02
28863,Jabalinera,Colonia,Manzanillo,Colima,Manzanillo,28861,06,28861,,09,007,0671,Urbano,02
28863,Barrio Nuevo,Colonia,Manzanillo,Colima,Manzanillo,28861,06,28861,,09,007,0620,Urbano,02
28863,Pedro Núñez,Colonia,Manzanillo,Colima,Manzanillo,28861,06,28861,,09,007,0621,Urbano,02
28863,Vista del Mar,Fraccionamiento,Manzanillo,Colima,Manzanillo,28861,06,28861,,21,007,0681,Urbano,02
28864,Santa Carolina,Fraccionamiento,Manzanillo,Colima,Manzanillo,28861,06,28861,,21,007,0010,Urbano,02
28864,Viveros Pelayo,Colonia,Manzanillo,Colima,Manzanillo,28861,06,28861,,09,007,0612,Urbano,02
28864,Azul Marino,Residencial,Manzanillo,Colima,Manzanillo,28861,06,28861,,30,007,0815,Urbano,02
28864,Del Mar,Fraccionamiento,Manzanillo,Colima,Manzanillo,28861,06,28861,,21,007,0817,Urbano,02
28864,Obrera,Colonia,Manzanillo,Colima,Manzanillo,28861,06,28861,,09,007,0565,Urbano,02
28864,Cantamar,Fraccionamiento,Manzanillo,Colima,Manzanillo,28861,06,28861,,21,007,0005,Urbano,02
28864,Lomas Verdes,Colonia,Manzanillo,Colima,Manzanillo,28861,06,28861,,09,007,0548,Urbano,02
28864,Hermosa Provincia,Colonia,Manzanillo,Colima,Manzanillo,28861,06,28861,,09,007,0505,Urbano,02
28864,Loma del Mar,Fraccionamiento,Manzanillo,Colima,Manzanillo,28861,06,28861,,21,007,0547,Urbano,02
28864,Valle Alto,Fraccionamiento,Manzanillo,Colima,Manzanillo,28861,06,28861,,21,007,0674,Urbano,02
28864,Country Club,Fraccionamiento,Manzanillo,Colima,Manzanillo,28861,06,28861,,21,007,0680,Urbano,02
28864,Villas del Pacífico,Fraccionamiento,Manzanillo,Colima,Manzanillo,28861,06,28861,,21,007,0006,Urbano,02
28864,Valle del Coral,Fraccionamiento,Manzanillo,Colima,Manzanillo,28861,06,28861,,21,007,0675,Urbano,02
28864,Jardines de Salagua,Fraccionamiento,Manzanillo,Colima,Manzanillo,28861,06,28861,,21,007,0030,Urbano,02
28864,Sol del Pacífico,Fraccionamiento,Manzanillo,Colima,Manzanillo,28861,06,28861,,21,007,0031,Urbano,02
28864,Deportiva,Colonia,Manzanillo,Colima,Manzanillo,28861,06,28861,,09,007,0479,Urbano,02
28864,Jardines de Santiago,Fraccionamiento,Manzanillo,Colima,Manzanillo,28861,06,28861,,21,007,0672,Urbano,02
28864,Paseo del Mar,Fraccionamiento,Manzanillo,Colima,Manzanillo,28861,06,28861,,21,007,0008,Urbano,02
28864,Las Camelinas,Fraccionamiento,Manzanillo,Colima,Manzanillo,28861,06,28861,,21,007,0026,Urbano,02
28864,INFONAVIT,Fraccionamiento,Manzanillo,Colima,Manzanillo,28861,06,28861,,21,007,0345,Urbano,02
28864,Lomas de Santiago,Fraccionamiento,Manzanillo,Colima,Manzanillo,28861,06,28861,,21,007,0677,Urbano,02
28864,Almendros Residencial II,Fraccionamiento,Manzanillo,Colima,Manzanillo,28861,06,28861,,21,007,0001,Urbano,02
28864,Montebello,Colonia,Manzanillo,Colima,Manzanillo,28861,06,28861,,09,007,0558,Urbano,02
28864,Valle Dorado,Fraccionamiento,Manzanillo,Colima,Manzanillo,28861,06,28861,,21,007,0601,Urbano,02
28864,Las Huertas,Fraccionamiento,Manzanillo,Colima,Manzanillo,28861,06,28861,,21,007,0673,Urbano,02
28864,La Joya I,Fraccionamiento,Manzanillo,Colima,Manzanillo,28861,06,28861,,21,007,0678,Urbano,02
28865,Los Altos,Fraccionamiento,Manzanillo,Colima,Manzanillo,28861,06,28861,,21,007,0863,Urbano,02
28865,Monte Orquídea,Fraccionamiento,Manzanillo,Colima,Manzanillo,28861,06,28861,,21,007,0029,Urbano,02
28865,Orquídeas Residencial,Fraccionamiento,Manzanillo,Colima,Manzanillo,28861,06,28861,,21,007,0862,Urbano,02
28865,Terraplena,Fraccionamiento,Manzanillo,Colima,Manzanillo,28861,06,28861,,21,007,0025,Urbano,02
28867,La Punta,Fraccionamiento,Manzanillo,Colima,Manzanillo,28861,06,28861,,21,007,0526,Urbano,02
28867,Villas del Palmar,Colonia,Manzanillo,Colima,Manzanillo,28861,06,28861,,09,007,0682,Urbano,02
28867,Las Hadas,Fraccionamiento,Manzanillo,Colima,Manzanillo,28861,06,28861,,21,007,0334,Urbano,02
28867,Villas del Faro,Colonia,Manzanillo,Colima,Manzanillo,28861,06,28861,,09,007,0609,Urbano,02
28867,Salagua,Colonia,Manzanillo,Colima,Manzanillo,28861,06,28861,,09,007,0337,Urbano,02
28867,La Audiencia,Fraccionamiento,Manzanillo,Colima,Manzanillo,28861,06,28861,,21,007,0333,Urbano,02
28867,Bugambilias,Fraccionamiento,Manzanillo,Colima,Manzanillo,28861,06,28861,,21,007,0007,Urbano,02
28867,Península de Santiago,Fraccionamiento,Manzanillo,Colima,Manzanillo,28861,06,28861,,21,007,0573,Urbano,02
28868,El Naranjo,Ejido,Manzanillo,Colima,Manzanillo,28861,06,28861,,15,007,0335,Urbano,02
28868,La Central,Colonia,Manzanillo,Colima,Manzanillo,28861,06,28861,,09,007,0613,Urbano,02
28868,Ejidal Miramar,Colonia,Manzanillo,Colima,Manzanillo,28861,06,28861,,09,007,0336,Urbano,02
28868,Club Maeva,Fraccionamiento,Manzanillo,Colima,Manzanillo,28861,06,28861,,21,007,0816,Urbano,02
28868,Puesta del Sol,Colonia,Manzanillo,Colima,Manzanillo,28861,06,28861,,09,007,0669,Urbano,02
28868,La Joya,Fraccionamiento,Manzanillo,Colima,Manzanillo,28861,06,28861,,21,007,0535,Urbano,02
28868,Nuevo Miramar,Colonia,Manzanillo,Colima,Manzanillo,28861,06,28861,,09,007,0561,Urbano,02
28868,Club Santiago,Colonia,Manzanillo,Colima,Manzanillo,28861,06,28861,,09,007,0470,Urbano,02
28868,La Martinique,Colonia,Manzanillo,Colima,Manzanillo,28861,06,28861,,09,007,0670,Urbano,02
28869,Santa Sofía,Fraccionamiento,Manzanillo,Colima,Manzanillo,28861,06,28861,,21,007,0015,Urbano,02
28869,Guadalupe Victoria,Colonia,Manzanillo,Colima,Manzanillo,28861,06,28861,,09,007,0615,Urbano,02
28869,El Campanario,Fraccionamiento,Manzanillo,Colima,Manzanillo,28861,06,28861,,21,007,0818,Urbano,02
28869,Villa Flamingos,Fraccionamiento,Manzanillo,Colima,Manzanillo,28861,06,28861,,21,007,0689,Urbano,02
28869,Puerta del Sol,Colonia,Manzanillo,Colima,Manzanillo,28861,06,28861,,09,007,0795,Urbano,02
28869,Cantalegre,Fraccionamiento,Manzanillo,Colima,Manzanillo,28861,06,28861,,21,007,0028,Urbano,02
28869,López de Legaspi,Colonia,Manzanillo,Colima,Manzanillo,28861,06,28861,,09,007,0616,Urbano,02
28869,Obispo Sergio Méndez Arceo,Colonia,Manzanillo,Colima,Manzanillo,28861,06,28861,,09,007,0619,Urbano,02
28869,Paraiso Salagua,Fraccionamiento,Manzanillo,Colima,Manzanillo,28861,06,28861,,21,007,0855,Urbano,02
28869,Marimar,Fraccionamiento,Manzanillo,Colima,Manzanillo,28861,06,28861,,21,007,0857,Urbano,02
28869,Aguazul,Fraccionamiento,Manzanillo,Colima,Manzanillo,28861,06,28861,,21,007,0009,Urbano,02
28869,Las Palmas,Colonia,Manzanillo,Colima,Manzanillo,28861,06,28861,,09,007,0614,Urbano,02
28869,Elías Zamora Verduzco,Colonia,Manzanillo,Colima,Manzanillo,28861,06,28861,,09,007,0819,Urbano,02
28869,Rosa Morada,Fraccionamiento,Manzanillo,Colima,Manzanillo,28861,06,28861,,21,007,0002,Urbano,02
28869,Arboledas,Fraccionamiento,Manzanillo,Colima,Manzanillo,28861,06,28861,,21,007,0617,Urbano,02
28869,Nuevo Salagua,Fraccionamiento,Manzanillo,Colima,Manzanillo,28861,06,28861,,21,007,0821,Urbano,02
28869,Almendros Residencial,Fraccionamiento,Manzanillo,Colima,Manzanillo,28861,06,28861,,21,007,0822,Urbano,02
28869,Valle Salagua,Fraccionamiento,Manzanillo,Colima,Manzanillo,28861,06,28861,,21,007,0004,Urbano,02
28869,Barrio Nuevo Salagua,Colonia,Manzanillo,Colima,Manzanillo,28861,06,28861,,09,007,0458,Urbano,02
28869,La Joya II,Fraccionamiento,Manzanillo,Colima,Manzanillo,28861,06,28861,,21,007,0679,Urbano,02
28869,Los Mangos,Fraccionamiento,Manzanillo,Colima,Manzanillo,28861,06,28861,,21,007,0820,Urbano,02
28870,Jalipa,Ejido,Manzanillo,Colima,,28201,06,28201,,15,007,0338,Rural,
28872,Punta de Agua de Camotlán,Pueblo,Manzanillo,Colima,,28201,06,28201,,28,007,0339,Rural,
28875,Peña Colorada,Colonia,Manzanillo,Colima,,28201,06,28201,,09,007,0340,Rural,
28876,Francisco Villa,Pueblo,Manzanillo,Colima,,28201,06,28201,,28,007,0341,Rural,
28877,IMSS Norte,Unidad habitacional,Manzanillo,Colima,,28201,06,28201,,31,007,0343,Urbano,
28878,Fovissste,Fraccionamiento,Manzanillo,Colima,,28201,06,28201,,21,007,0344,Urbano,
28879,Vista Roca,Condominio,Manzanillo,Colima,,28201,06,28201,,10,007,0683,Urbano,
28879,Del Pacifico,Colonia,Manzanillo,Colima,,28201,06,28201,,09,007,0684,Urbano,
28880,Coalata,Ranchería,Manzanillo,Colima,,28201,06,28201,,29,007,0346,Rural,
28880,Santa Rita,Ranchería,Manzanillo,Colima,,28201,06,28201,,29,007,0348,Rural,
28880,San Buenaventura,Ranchería,Manzanillo,Colima,,28201,06,28201,,29,007,0347,Rural,
28880,Venustiano Carranza (Cualata),Ranchería,Manzanillo,Colima,,28201,06,28201,,29,007,0349,Rural,
28880,Nuevo Cuyutlán,Ejido,Manzanillo,Colima,,28201,06,28201,,15,007,0717,Rural,
28884,Las Lajas,Ranchería,Manzanillo,Colima,,28201,06,28201,,29,007,0350,Rural,
28885,El Salto,Ranchería,Manzanillo,Colima,,28201,06,28201,,29,007,0351,Rural,
28886,Agua Blanca y Cerro del Zacate,Ranchería,Manzanillo,Colima,,28201,06,28201,,29,007,0353,Rural,
28886,Agua Blanca,Ranchería,Manzanillo,Colima,,28201,06,28201,,29,007,0352,Rural,
28887,Las Juntas Nuevas,Ranchería,Manzanillo,Colima,,28201,06,28201,,29,007,0354,Rural,
28900,El Rocio,Colonia,Tecomán,Colima,,28901,06,28901,,09,009,0007,Urbano,
28900,San Antonio,Colonia,Tecomán,Colima,,28901,06,28901,,09,009,0130,Urbano,
28900,Martín del Campo,Colonia,Tecomán,Colima,,28901,06,28901,,09,009,0008,Urbano,
28900,Cerro de Ortega,Pueblo,Tecomán,Colima,,28901,06,28901,,28,009,0355,Urbano,
28900,El Bordo,Colonia,Tecomán,Colima,,28901,06,28901,,09,009,0006,Urbano,
28900,Hermanos Leaños,Colonia,Tecomán,Colima,,28901,06,28901,,09,009,0697,Urbano,
28900,Tecolapa,Colonia,Tecomán,Colima,,28901,06,28901,,09,009,0004,Urbano,
28900,Progreso,Colonia,Tecomán,Colima,,28901,06,28901,,09,009,0005,Urbano,
28900,Lindavista,Colonia,Tecomán,Colima,,28901,06,28901,,09,009,0010,Urbano,
28906,Cerro de Aguilar,Ranchería,Tecomán,Colima,,28901,06,28901,,29,009,0357,Rural,
28910,La Pedregoza,Colonia,Tecomán,Colima,,28101,06,28101,,09,009,0524,Rural,
28910,Conacar PRI,Colonia,Tecomán,Colima,,28101,06,28101,,09,009,0472,Urbano,
28910,Articulo 27 Constitucional,Colonia,Tecomán,Colima,,28101,06,28101,,09,009,0456,Urbano,
28910,Estación Madrid,Pueblo,Tecomán,Colima,,28101,06,28101,,28,009,0358,Urbano,
28915,El Rosario,Ranchería,Tecomán,Colima,,28101,06,28101,,29,009,0360,Rural,
28920,Tecolapa,Ranchería,Tecomán,Colima,,28101,06,28101,,29,009,0361,Rural,
28929,Cofradía de Hidalgo (Laguna de Alcuzahue),Pueblo,Tecomán,Colima,,28101,06,28101,,28,009,0362,Rural,
28930,Puerta de Caleras,Ranchería,Tecomán,Colima,,28101,06,28101,,29,009,0364,Rural,
28930,Caleras,Ranchería,Tecomán,Colima,,28101,06,28101,,29,009,0363,Rural,
28930,Tecomán Estación,Colonia,Tecomán,Colima,,28101,06,28101,,09,009,0365,Rural,
28934,Ruiz Cortines,Colonia,Tecomán,Colima,,28101,06,28101,,09,009,0014,Urbano,
28934,El Olivo,Colonia,Tecomán,Colima,,28101,06,28101,,09,009,0016,Urbano,
28934,María Esther Zuno de Echeverría,Colonia,Tecomán,Colima,,28101,06,28101,,09,009,0553,Urbano,
28934,Leonardo Jaramillo,Colonia,Tecomán,Colima,,28101,06,28101,,09,009,0013,Urbano,
28934,San Martín de Porres,Colonia,Tecomán,Colima,,28101,06,28101,,09,009,0015,Urbano,
28934,La Estación,Colonia,Tecomán,Colima,,28101,06,28101,,09,009,0012,Urbano,
28934,Bayardo,Colonia,Tecomán,Colima,,28101,06,28101,,09,009,0366,Urbano,
28934,Luis Rodríguez Alcalá [La Báscula],Colonia,Tecomán,Colima,,28101,06,28101,,09,009,0367,Urbano,
28934,Antonio Salazar Salazar,Colonia,Tecomán,Colima,,28101,06,28101,,09,009,0455,Urbano,
28935,Cofradía de Morelos,Pueblo,Tecomán,Colima,,28101,06,28101,,28,009,0368,Rural,
28936,Ladislao Moreno,Colonia,Tecomán,Colima,,28101,06,28101,,09,009,0369,Rural,
28937,El Real,Ranchería,Tecomán,Colima,,28101,06,28101,,29,009,0370,Rural,
28938,Tecuanillo,Ranchería,Tecomán,Colima,,28101,06,28101,,29,009,0371,Rural,
28940,Callejones,Ranchería,Tecomán,Colima,,28101,06,28101,,29,009,0372,Rural,
28944,El Saucito,Ranchería,Tecomán,Colima,,28101,06,28101,,29,009,0373,Rural,
28944,La Primavera,Ranchería,Tecomán,Colima,,28101,06,28101,,29,009,0374,Rural,
28945,Chanchopa,Ranchería,Tecomán,Colima,,28101,06,28101,,29,009,0375,Rural,
28947,San Miguel del Ojo de Agua,Ranchería,Tecomán,Colima,,28901,06,28901,,29,009,0376,Rural,
28950,Juluapan,Ranchería,Villa de Álvarez,Colima,,28971,06,28971,,29,010,0377,Rural,
28952,Los Picachos,Ranchería,Villa de Álvarez,Colima,,28971,06,28971,,29,010,0378,Rural,
28955,El Carmen,Ranchería,Villa de Álvarez,Colima,,28971,06,28971,,29,010,0380,Rural,
28955,Agua Dulce,Ranchería,Villa de Álvarez,Colima,,28971,06,28971,,29,010,0379,Rural,
28958,El Mixcuate,Ranchería,Villa de Álvarez,Colima,,28971,06,28971,,29,010,0381,Rural,
28959,Pueblo Nuevo,Ranchería,Villa de Álvarez,Colima,,28971,06,28971,,29,010,0382,Rural,
28960,El Carrizal,Ranchería,Villa de Álvarez,Colima,,28971,06,28971,,29,010,0383,Rural,
28963,Pastores,Ranchería,Villa de Álvarez,Colima,,28971,06,28971,,29,010,0384,Rural,
28964,Las Joyitas,Ranchería,Villa de Álvarez,Colima,,28971,06,28971,,29,010,0385,Rural,
28965,El Chivato (Providencia),Ejido,Villa de Álvarez,Colima,,28971,06,28971,,15,010,0386,Rural,
28966,La Montrica,Ranchería,Villa de Álvarez,Colima,,28971,06,28971,,29,010,0387,Rural,
28968,El Naranjal,Ranchería,Villa de Álvarez,Colima,,28971,06,28971,,29,010,0388,Rural,
28970,Villa de Álvarez Centro,Colonia,Villa de Álvarez,Colima,Ciudad de Villa de Álvarez,28971,06,28971,,09,010,0389,Urbano,04
28970,Villas del Sol,Colonia,Villa de Álvarez,Colima,Ciudad de Villa de Álvarez,28971,06,28971,,09,010,0610,Urbano,04
28973,Floresta,Colonia,Villa de Álvarez,Colima,Ciudad de Villa de Álvarez,28971,06,28971,,09,010,0391,Urbano,04
28973,Villas de Mayo,Colonia,Villa de Álvarez,Colima,Ciudad de Villa de Álvarez,28971,06,28971,,09,010,0634,Urbano,04
28973,Rancho Santo,Colonia,Villa de Álvarez,Colima,Ciudad de Villa de Álvarez,28971,06,28971,,09,010,0756,Urbano,04
28973,Santa Teresa,Colonia,Villa de Álvarez,Colima,Ciudad de Villa de Álvarez,28971,06,28971,,09,010,0394,Urbano,04
28973,Villas del Río,Colonia,Villa de Álvarez,Colima,Ciudad de Villa de Álvarez,28971,06,28971,,09,010,0395,Urbano,04
28973,Real los Arcos,Colonia,Villa de Álvarez,Colima,Ciudad de Villa de Álvarez,28971,06,28971,,09,010,0393,Urbano,04
28973,Santa Cristina,Colonia,Villa de Álvarez,Colima,Ciudad de Villa de Álvarez,28971,06,28971,,09,010,0636,Urbano,04
28973,Privada Villa San Agustín,Fraccionamiento,Villa de Álvarez,Colima,Ciudad de Villa de Álvarez,28971,06,28971,,21,010,0641,Urbano,04
28973,Manuel M. Diéguez,Colonia,Villa de Álvarez,Colima,Ciudad de Villa de Álvarez,28971,06,28971,,09,010,0392,Urbano,04
28973,Villas Adriana,Colonia,Villa de Álvarez,Colima,Ciudad de Villa de Álvarez,28971,06,28971,,09,010,0607,Urbano,04
28974,Villas Coliman,Colonia,Villa de Álvarez,Colima,Ciudad de Villa de Álvarez,28971,06,28971,,09,010,0397,Urbano,04
28974,San Isidro,Colonia,Villa de Álvarez,Colima,Ciudad de Villa de Álvarez,28971,06,28971,,09,010,0396,Urbano,04
28974,Las Palomas Residencial,Fraccionamiento,Villa de Álvarez,Colima,Ciudad de Villa de Álvarez,28971,06,28971,,21,010,0010,Urbano,04
28975,La Frontera,Colonia,Villa de Álvarez,Colima,Ciudad de Villa de Álvarez,28971,06,28971,,09,010,0746,Urbano,04
28975,La Cajita del Agua,Colonia,Villa de Álvarez,Colima,Ciudad de Villa de Álvarez,28971,06,28971,,09,010,0747,Urbano,04
28975,Morelos,Colonia,Villa de Álvarez,Colima,Ciudad de Villa de Álvarez,28971,06,28971,,09,010,0402,Urbano,04
28975,Villa Carlo,Fraccionamiento,Villa de Álvarez,Colima,Ciudad de Villa de Álvarez,28971,06,28971,,21,010,0707,Urbano,04
28975,López Mateos,Colonia,Villa de Álvarez,Colima,Ciudad de Villa de Álvarez,28971,06,28971,,09,010,0398,Urbano,04
28975,Privada Villas del Palmar,Fraccionamiento,Villa de Álvarez,Colima,Ciudad de Villa de Álvarez,28971,06,28971,,21,010,0757,Urbano,04
28975,Santa Martha,Colonia,Villa de Álvarez,Colima,Ciudad de Villa de Álvarez,28971,06,28971,,09,010,0399,Urbano,04
28976,Liberación,Colonia,Villa de Álvarez,Colima,Ciudad de Villa de Álvarez,28971,06,28971,,09,010,0400,Urbano,04
28976,Rosario Ibarra de Piedra,Colonia,Villa de Álvarez,Colima,Ciudad de Villa de Álvarez,28971,06,28971,,09,010,0585,Urbano,04
28976,Francisco Hernández,Colonia,Villa de Álvarez,Colima,Ciudad de Villa de Álvarez,28971,06,28971,,09,010,0499,Urbano,04
28976,Villas del Centro,Colonia,Villa de Álvarez,Colima,Ciudad de Villa de Álvarez,28971,06,28971,,09,010,0401,Urbano,04
28977,Las Parotas,Condominio,Villa de Álvarez,Colima,Ciudad de Villa de Álvarez,28971,06,28971,,10,010,0714,Urbano,04
28978,Primaveras,Colonia,Villa de Álvarez,Colima,Ciudad de Villa de Álvarez,28971,06,28971,,09,010,0409,Urbano,04
28978,Senderos del Carmen,Colonia,Villa de Álvarez,Colima,Ciudad de Villa de Álvarez,28971,06,28971,,09,010,0411,Urbano,04
28978,Privada Nicasio Carvajal Flores,Fraccionamiento,Villa de Álvarez,Colima,Ciudad de Villa de Álvarez,28971,06,28971,,21,010,0748,Urbano,04
28978,FOVISSSTE,Colonia,Villa de Álvarez,Colima,Ciudad de Villa de Álvarez,28971,06,28971,,09,010,0406,Urbano,04
28978,Hacienda del Carmen,Fraccionamiento,Villa de Álvarez,Colima,Ciudad de Villa de Álvarez,28971,06,28971,,21,010,0832,Urbano,04
28978,Azaleas,Colonia,Villa de Álvarez,Colima,Ciudad de Villa de Álvarez,28971,06,28971,,09,010,0404,Urbano,04
28978,Jardines de Bugambilias,Colonia,Villa de Álvarez,Colima,Ciudad de Villa de Álvarez,28971,06,28971,,09,010,0408,Urbano,04
28978,Golondrinas,Colonia,Villa de Álvarez,Colima,Ciudad de Villa de Álvarez,28971,06,28971,,09,010,0407,Urbano,04
28978,Residencial Bosque Real,Fraccionamiento,Villa de Álvarez,Colima,Ciudad de Villa de Álvarez,28971,06,28971,,21,010,0001,Urbano,04
28978,Rinconada de La Hacienda,Colonia,Villa de Álvarez,Colima,Ciudad de Villa de Álvarez,28971,06,28971,,09,010,0410,Urbano,04
28978,Real Santa Fe,Fraccionamiento,Villa de Álvarez,Colima,Ciudad de Villa de Álvarez,28971,06,28971,,21,010,0807,Urbano,04
28978,Real Hacienda,Fraccionamiento,Villa de Álvarez,Colima,Ciudad de Villa de Álvarez,28971,06,28971,,21,010,0759,Urbano,04
28978,Arboledas del Carmen,Colonia,Villa de Álvarez,Colima,Ciudad de Villa de Álvarez,28971,06,28971,,09,010,0403,Urbano,04
28978,Colinas del Carmen,Colonia,Villa de Álvarez,Colima,Ciudad de Villa de Álvarez,28971,06,28971,,09,010,0405,Urbano,04
28979,Villa Izcalli Caxitlán,Colonia,Villa de Álvarez,Colima,Ciudad de Villa de Álvarez,28971,06,28971,,09,010,0420,Urbano,04
28979,Lomas Altas,Colonia,Villa de Álvarez,Colima,Ciudad de Villa de Álvarez,28971,06,28971,,09,010,0702,Urbano,04
28979,Lomas de las Flores,Colonia,Villa de Álvarez,Colima,Ciudad de Villa de Álvarez,28971,06,28971,,09,010,0415,Urbano,04
28979,Bugambilias,Colonia,Villa de Álvarez,Colima,Ciudad de Villa de Álvarez,28971,06,28971,,09,010,0749,Urbano,04
28979,Colinas de las Lagunas,Fraccionamiento,Villa de Álvarez,Colima,Ciudad de Villa de Álvarez,28971,06,28971,,21,010,0012,Urbano,04
28979,Solidaridad,Colonia,Villa de Álvarez,Colima,Ciudad de Villa de Álvarez,28971,06,28971,,09,010,0419,Urbano,04
28979,Carlos de La Madrid,Colonia,Villa de Álvarez,Colima,Ciudad de Villa de Álvarez,28971,06,28971,,09,010,0699,Urbano,04
28979,Las Lagunas,Colonia,Villa de Álvarez,Colima,Ciudad de Villa de Álvarez,28971,06,28971,,09,010,0751,Urbano,04
28979,Loma Hermosa,Colonia,Villa de Álvarez,Colima,Ciudad de Villa de Álvarez,28971,06,28971,,09,010,0416,Urbano,04
28979,Villas del Cañaveral,Colonia,Villa de Álvarez,Colima,Ciudad de Villa de Álvarez,28971,06,28971,,09,010,0703,Urbano,04
28979,Las Águilas,Colonia,Villa de Álvarez,Colima,Ciudad de Villa de Álvarez,28971,06,28971,,09,010,0413,Urbano,04
28979,El Angel,Colonia,Villa de Álvarez,Colima,Ciudad de Villa de Álvarez,28971,06,28971,,09,010,0704,Urbano,04
28979,Cruz de Comala,Colonia,Villa de Álvarez,Colima,Ciudad de Villa de Álvarez,28971,06,28971,,09,010,0705,Urbano,04
28979,Vista Bugambilias,Colonia,Villa de Álvarez,Colima,Ciudad de Villa de Álvarez,28971,06,28971,,09,010,0744,Urbano,04
28979,Salomón Preciado,Colonia,Villa de Álvarez,Colima,Ciudad de Villa de Álvarez,28971,06,28971,,09,010,0811,Urbano,04
28979,Lomas de La Higuera,Colonia,Villa de Álvarez,Colima,Ciudad de Villa de Álvarez,28971,06,28971,,09,010,0417,Urbano,04
28979,Los Almendros,Colonia,Villa de Álvarez,Colima,Ciudad de Villa de Álvarez,28971,06,28971,,09,010,0418,Urbano,04
28979,Las Colinas,Colonia,Villa de Álvarez,Colima,Ciudad de Villa de Álvarez,28971,06,28971,,09,010,0750,Urbano,04
28979,Lomas de La Herradura,Colonia,Villa de Álvarez,Colima,Ciudad de Villa de Álvarez,28971,06,28971,,09,010,0752,Urbano,04
28979,Residencial Colinas del Rey,Fraccionamiento,Villa de Álvarez,Colima,Ciudad de Villa de Álvarez,28971,06,28971,,21,010,0765,Urbano,04
28979,Lindavista,Colonia,Villa de Álvarez,Colima,Ciudad de Villa de Álvarez,28971,06,28971,,09,010,0414,Urbano,04
28979,Villas de Bugambilias,Colonia,Villa de Álvarez,Colima,Ciudad de Villa de Álvarez,28971,06,28971,,09,010,0624,Urbano,04
28979,Lomas de La Villa,Colonia,Villa de Álvarez,Colima,Ciudad de Villa de Álvarez,28971,06,28971,,09,010,0706,Urbano,04
28979,Colinas del Sol,Colonia,Villa de Álvarez,Colima,Ciudad de Villa de Álvarez,28971,06,28971,,09,010,0812,Urbano,04
28979,Alfredo V. Bonfil,Colonia,Villa de Álvarez,Colima,Ciudad de Villa de Álvarez,28971,06,28971,,09,010,0412,Urbano,04
28979,Real Bugambilias,Colonia,Villa de Álvarez,Colima,Ciudad de Villa de Álvarez,28971,06,28971,,09,010,0626,Urbano,04
28980,La Gloria,Colonia,Villa de Álvarez,Colima,Ciudad de Villa de Álvarez,28971,06,28971,,09,010,0421,Urbano,04
28982,Santa Fe,Colonia,Villa de Álvarez,Colima,Ciudad de Villa de Álvarez,28971,06,28971,,09,010,0755,Urbano,04
28982,El Cortijo,Colonia,Villa de Álvarez,Colima,Ciudad de Villa de Álvarez,28971,06,28971,,09,010,0639,Urbano,04
28982,Villas San José Segunda Sección,Fraccionamiento,Villa de Álvarez,Colima,Ciudad de Villa de Álvarez,28971,06,28971,,21,010,0002,Urbano,04
28982,Jacarandas,Fraccionamiento,Villa de Álvarez,Colima,Ciudad de Villa de Álvarez,28971,06,28971,,21,010,0772,Urbano,04
28982,Los Olivos,Colonia,Villa de Álvarez,Colima,Ciudad de Villa de Álvarez,28971,06,28971,,09,010,0767,Urbano,04
28982,Hacienda El Nogal,Fraccionamiento,Villa de Álvarez,Colima,Ciudad de Villa de Álvarez,28971,06,28971,,21,010,0805,Urbano,04
28982,Villas de Alameda,Fraccionamiento,Villa de Álvarez,Colima,Ciudad de Villa de Álvarez,28971,06,28971,,21,010,0637,Urbano,04
28982,La Joya,Colonia,Villa de Álvarez,Colima,Ciudad de Villa de Álvarez,28971,06,28971,,09,010,0638,Urbano,04
28982,Las Rosas,Fraccionamiento,Villa de Álvarez,Colima,Ciudad de Villa de Álvarez,28971,06,28971,,21,010,0860,Urbano,04
28982,Hacienda del Cortijo,Fraccionamiento,Villa de Álvarez,Colima,Ciudad de Villa de Álvarez,28971,06,28971,,21,010,0806,Urbano,04
28983,Puerta Higueras,Fraccionamiento,Villa de Álvarez,Colima,Ciudad de Villa de Álvarez,28971,06,28971,,21,010,0011,Urbano,04
28983,Jardines del Llano,Colonia,Villa de Álvarez,Colima,Ciudad de Villa de Álvarez,28971,06,28971,,09,010,0627,Urbano,04
28983,Alfonso Rolón Michel,Colonia,Villa de Álvarez,Colima,Ciudad de Villa de Álvarez,28971,06,28971,,09,010,0700,Urbano,04
28983,El Haya,Fraccionamiento,Villa de Álvarez,Colima,Ciudad de Villa de Álvarez,28971,06,28971,,21,010,0825,Urbano,04
28983,Rinconada del Centenario,Colonia,Villa de Álvarez,Colima,Ciudad de Villa de Álvarez,28971,06,28971,,09,010,0632,Urbano,04
28983,Residencial Tulipanes,Fraccionamiento,Villa de Álvarez,Colima,Ciudad de Villa de Álvarez,28971,06,28971,,21,010,0842,Urbano,04
28983,Valle del Sol,Fraccionamiento,Villa de Álvarez,Colima,Ciudad de Villa de Álvarez,28971,06,28971,,21,010,0006,Urbano,04
28983,Jardines del Centenario,Colonia,Villa de Álvarez,Colima,Ciudad de Villa de Álvarez,28971,06,28971,,09,010,0633,Urbano,04
28983,Tabachines,Fraccionamiento,Villa de Álvarez,Colima,Ciudad de Villa de Álvarez,28971,06,28971,,21,010,0708,Urbano,04
28983,Villas Rancho Blanco,Colonia,Villa de Álvarez,Colima,Ciudad de Villa de Álvarez,28971,06,28971,,09,010,0715,Urbano,04
28983,Villa Flores II,Colonia,Villa de Álvarez,Colima,Ciudad de Villa de Álvarez,28971,06,28971,,09,010,0843,Urbano,04
28983,Senderos de Rancho Blanco,Colonia,Villa de Álvarez,Colima,Ciudad de Villa de Álvarez,28971,06,28971,,09,010,0709,Urbano,04
28983,Villa Flores,Colonia,Villa de Álvarez,Colima,Ciudad de Villa de Álvarez,28971,06,28971,,09,010,0710,Urbano,04
28983,Puerta de Rolón,Fraccionamiento,Villa de Álvarez,Colima,Ciudad de Villa de Álvarez,28971,06,28971,,21,010,0841,Urbano,04
28984,Punta Diamante Residencial,Fraccionamiento,Villa de Álvarez,Colima,Ciudad de Villa de Álvarez,28971,06,28971,,21,010,0007,Urbano,04
28984,Residencial Los Robles,Fraccionamiento,Villa de Álvarez,Colima,Ciudad de Villa de Álvarez,28971,06,28971,,21,010,0008,Urbano,04
28984,Juan José Ríos II,Colonia,Villa de Álvarez,Colima,Ciudad de Villa de Álvarez,28971,06,28971,,09,010,0427,Urbano,04
28984,Jardines de La Villa,Colonia,Villa de Álvarez,Colima,Ciudad de Villa de Álvarez,28971,06,28971,,09,010,0635,Urbano,04
28984,Palo Alto,Fraccionamiento,Villa de Álvarez,Colima,Ciudad de Villa de Álvarez,28971,06,28971,,21,010,0004,Urbano,04
28984,Puerta del Centenario,Fraccionamiento,Villa de Álvarez,Colima,Ciudad de Villa de Álvarez,28971,06,28971,,21,010,0753,Urbano,04
28984,Buenavista,Fraccionamiento,Villa de Álvarez,Colima,Ciudad de Villa de Álvarez,28971,06,28971,,21,010,0796,Urbano,04
28984,Verde Valle,Fraccionamiento,Villa de Álvarez,Colima,Ciudad de Villa de Álvarez,28971,06,28971,,21,010,0826,Urbano,04
28984,Patria Residencial,Fraccionamiento,Villa de Álvarez,Colima,Ciudad de Villa de Álvarez,28971,06,28971,,21,010,0003,Urbano,04
28984,Ramón Serrano,Colonia,Villa de Álvarez,Colima,Ciudad de Villa de Álvarez,28971,06,28971,,09,010,0433,Urbano,04
28984,Villafuentes,Fraccionamiento,Villa de Álvarez,Colima,Ciudad de Villa de Álvarez,28971,06,28971,,21,010,0005,Urbano,04
28984,Juan José Ríos III,Colonia,Villa de Álvarez,Colima,Ciudad de Villa de Álvarez,28971,06,28971,,09,010,0428,Urbano,04
28984,Los Triángulos,Colonia,Villa de Álvarez,Colima,Ciudad de Villa de Álvarez,28971,06,28971,,09,010,0745,Urbano,04
28984,Centenario II,Colonia,Villa de Álvarez,Colima,Ciudad de Villa de Álvarez,28971,06,28971,,09,010,0754,Urbano,04
28984,Azteca,Colonia,Villa de Álvarez,Colima,Ciudad de Villa de Álvarez,28971,06,28971,,09,010,0423,Urbano,04
28984,Lomas del Centenario,Colonia,Villa de Álvarez,Colima,Ciudad de Villa de Álvarez,28971,06,28971,,09,010,0431,Urbano,04
28984,Higueras del Espinal,Fraccionamiento,Villa de Álvarez,Colima,Ciudad de Villa de Álvarez,28971,06,28971,,21,010,0829,Urbano,04
28984,Juan José Ríos,Colonia,Villa de Álvarez,Colima,Ciudad de Villa de Álvarez,28971,06,28971,,09,010,0426,Urbano,04
28984,Villas de San José,Colonia,Villa de Álvarez,Colima,Ciudad de Villa de Álvarez,28971,06,28971,,09,010,0435,Urbano,04
28984,La Reserva,Fraccionamiento,Villa de Álvarez,Colima,Ciudad de Villa de Álvarez,28971,06,28971,,21,010,0774,Urbano,04
28984,El Centenario,Colonia,Villa de Álvarez,Colima,Ciudad de Villa de Álvarez,28971,06,28971,,09,010,0424,Urbano,04
28984,Loma Bonita,Colonia,Villa de Álvarez,Colima,Ciudad de Villa de Álvarez,28971,06,28971,,09,010,0429,Urbano,04
28984,Manuel Álvarez,Colonia,Villa de Álvarez,Colima,Ciudad de Villa de Álvarez,28971,06,28971,,09,010,0432,Urbano,04
28984,Real Centenario,Fraccionamiento,Villa de Álvarez,Colima,Ciudad de Villa de Álvarez,28971,06,28971,,21,010,0434,Urbano,04
28985,San Miguel,Colonia,Villa de Álvarez,Colima,Ciudad de Villa de Álvarez,28971,06,28971,,09,010,0711,Urbano,04
28985,Villa de Oro,Colonia,Villa de Álvarez,Colima,Ciudad de Villa de Álvarez,28971,06,28971,,09,010,0437,Urbano,04
28985,Del Valle,Colonia,Villa de Álvarez,Colima,Ciudad de Villa de Álvarez,28971,06,28971,,09,010,0436,Urbano,04
28986,Residencial Santa Sofía,Fraccionamiento,Villa de Álvarez,Colima,Ciudad de Villa de Álvarez,28971,06,28971,,21,010,0013,Urbano,04
28986,Villas Diamante,Colonia,Villa de Álvarez,Colima,Ciudad de Villa de Álvarez,28971,06,28971,,09,010,0766,Urbano,04
28986,Emiliano Zapata,Colonia,Villa de Álvarez,Colima,Ciudad de Villa de Álvarez,28971,06,28971,,09,010,0438,Urbano,04
28987,La Haciendita,Colonia,Villa de Álvarez,Colima,Ciudad de Villa de Álvarez,28971,06,28971,,09,010,0440,Urbano,04
28987,San Carlos,Colonia,Villa de Álvarez,Colima,Ciudad de Villa de Álvarez,28971,06,28971,,09,010,0628,Urbano,04
28987,Alta Villa,Colonia,Villa de Álvarez,Colima,Ciudad de Villa de Álvarez,28971,06,28971,,09,010,0439,Urbano,04
28987,Villas Providencia,Fraccionamiento,Villa de Álvarez,Colima,Ciudad de Villa de Álvarez,28971,06,28971,,21,010,0642,Urbano,04
28988,Campestre,Colonia,Villa de Álvarez,Colima,Ciudad de Villa de Álvarez,28971,06,28971,,09,010,0441,Urbano,04
28988,El Llano,Colonia,Villa de Álvarez,Colima,Ciudad de Villa de Álvarez,28971,06,28971,,09,010,0442,Urbano,04
28989,Burócratas del Estado,Colonia,Villa de Álvarez,Colima,Ciudad de Villa de Álvarez,28971,06,28971,,09,010,0443,Urbano,04
28989,Las Tunas,Colonia,Villa de Álvarez,Colima,Ciudad de Villa de Álvarez,28971,06,28971,,09,010,0444,Urbano,04
28989,Puerta de Hierro,Fraccionamiento,Villa de Álvarez,Colima,Ciudad de Villa de Álvarez,28971,06,28971,,21,010,0698,Urbano,04
28989,Campestre Bugambilias,Colonia,Villa de Álvarez,Colima,Ciudad de Villa de Álvarez,28971,06,28971,,09,010,0771,Urbano,04
28989,La Comarca,Fraccionamiento,Villa de Álvarez,Colima,Ciudad de Villa de Álvarez,28971,06,28971,,21,010,0810,Urbano,04
28989,Montellano,Fraccionamiento,Villa de Álvarez,Colima,Ciudad de Villa de Álvarez,28971,06,28971,,21,010,0009,Urbano,04
28989,Prados de La Villa,Colonia,Villa de Álvarez,Colima,Ciudad de Villa de Álvarez,28971,06,28971,,09,010,0446,Urbano,04
28989,Villa de Alba,Colonia,Villa de Álvarez,Colima,Ciudad de Villa de Álvarez,28971,06,28971,,09,010,0447,Urbano,04
28989,Real de Minas,Colonia,Villa de Álvarez,Colima,Ciudad de Villa de Álvarez,28971,06,28971,,09,010,0773,Urbano,04
28989,Leandro Valle,Colonia,Villa de Álvarez,Colima,Ciudad de Villa de Álvarez,28971,06,28971,,09,010,0445,Urbano,04
,,,,,,,,,,,,,,
,,,,,,,,,,,,,,
,,,,,,,,,,,,,,
,,,,,,,,,,,,,,
,,,,,,,,,,,,,,
,,,,,,,,,,,,,,
,,,,,,,,,,,,,,
,,,,,,,,,,,,,,
,,,,,,,,,,,,,,
,,,,,,,,,,,,,,
,,,,,,,,,,,,,,
,,,,,,,,,,,,,,
,,,,,,,,,,,,,,
,,,,,,,,,,,,,,
,,,,,,,,,,,,,,
,,,,,,,,,,,,,,
,,,,,,,,,,,,,,
,,,,,,,,,,,,,,
,,,,,,,,,,,,,,
,,,,,,,,,,,,,,
,,,,,,,,,,,,,,
,,,,,,,,,,,,,,
,,,,,,,,,,,,,,
,,,,,,,,,,,,,,
,,,,,,,,,,,,,,
,,,,,,,,,,,,,,
,,,,,,,,,,,,,,
,,,,,,,,,,,,,,
,,,,,,,,,,,,,,
,,,,,,,,,,,,,,
,,,,,,,,,,,,,,
,,,,,,,,,,,,,,
,,,,,,,,,,,,,,
,,,,,,,,,,,,,,
,,,,,,,,,,,,,,
,,,,,,,,,,,,,,
,,,,,,,,,,,,,,
,,,,,,,,,,,,,,
,,,,,,,,,,,,,,
,,,,,,,,,,,,,,
,,,,,,,,,,,,,,
,,,,,,,,,,,,,,
,,,,,,,,,,,,,,
,,,,,,,,,,,,,,
,,,,,,,,,,,,,,
,,,,,,,,,,,,,,
,,,,,,,,,,,,,,
,,,,,,,,,,,,,,
,,,,,,,,,,,,,,
,,,,,,,,,,,,,,
,,,,,,,,,,,,,,
,,,,,,,,,,,,,,
,,,,,,,,,,,,,,
,,,,,,,,,,,,,,
,,,,,,,,,,,,,,
,,,,,,,,,,,,,,
,,,,,,,,,,,,,,
,,,,,,,,,,,,,,
,,,,,,,,,,,,,,
,,,,,,,,,,,,,,
,,,,,,,,,,,,,,
,,,,,,,,,,,,,,
,,,,,,,,,,,,,,
,,,,,,,,,,,,,,
,,,,,,,,,,,,,,
,,,,,,,,,,,,,,
,,,,,,,,,,,,,,
,,,,,,,,,,,,,,
,,,,,,,,,,,,,,
,,,,,,,,,,,,,,
,,,,,,,,,,,,,,
,,,,,,,,,,,,,,
,,,,,,,,,,,,,,
,,,,,,,,,,,,,,
,,,,,,,,,,,,,,
,,,,,,,,,,,,,,
,,,,,,,,,,,,,,
,,,,,,,,,,,,,,
,,,,,,,,,,,,,,
,,,,,,,,,,,,,,
,,,,,,,,,,,,,,
,,,,,,,,,,,,,,
,,,,,,,,,,,,,,
,,,,,,,,,,,,,,
,,,,,,,,,,,,,,
,,,,,,,,,,,,,,
,,,,,,,,,,,,,,
,,,,,,,,,,,,,,
,,,,,,,,,,,,,,
,,,,,,,,,,,,,,
,,,,,,,,,,,,,,
,,,,,,,,,,,,,,
,,,,,,,,,,,,,,
,,,,,,,,,,,,,,
,,,,,,,,,,,,,,
,,,,,,,,,,,,,,
,,,,,,,,,,,,,,
,,,,,,,,,,,,,,
,,,,,,,,,,,,,,
,,,,,,,,,,,,,,
,,,,,,,,,,,,,,
,,,,,,,,,,,,,,
,,,,,,,,,,,,,,
,,,,,,,,,,,,,,
,,,,,,,,,,,,,,
,,,,,,,,,,,,,,
,,,,,,,,,,,,,,
,,,,,,,,,,,,,,
,,,,,,,,,,,,,,
,,,,,,,,,,,,,,
,,,,,,,,,,,,,,
,,,,,,,,,,,,,,
,,,,,,,,,,,,,,
,,,,,,,,,,,,,,
,,,,,,,,,,,,,,
,,,,,,,,,,,,,,
,,,,,,,,,,,,,,
,,,,,,,,,,,,,,
,,,,,,,,,,,,,,
,,,,,,,,,,,,,,
,,,,,,,,,,,,,,
,,,,,,,,,,,,,,
,,,,,,,,,,,,,,
,,,,,,,,,,,,,,
,,,,,,,,,,,,,,
,,,,,,,,,,,,,,
,,,,,,,,,,,,,,
,,,,,,,,,,,,,,
,,,,,,,,,,,,,,
,,,,,,,,,,,,,,
,,,,,,,,,,,,,,
,,,,,,,,,,,,,,
,,,,,,,,,,,,,,
,,,,,,,,,,,,,,
,,,,,,,,,,,,,,
,,,,,,,,,,,,,,
,,,,,,,,,,,,,,
,,,,,,,,,,,,,,
,,,,,,,,,,,,,,
,,,,,,,,,,,,,,
,,,,,,,,,,,,,,
,,,,,,,,,,,,,,
,,,,,,,,,,,,,,
,,,,,,,,,,,,,,
,,,,,,,,,,,,,,
,,,,,,,,,,,,,,
,,,,,,,,,,,,,,
,,,,,,,,,,,,,,
,,,,,,,,,,,,,,
,,,,,,,,,,,,,,
,,,,,,,,,,,,,,
,,,,,,,,,,,,,,
,,,,,,,,,,,,,,
,,,,,,,,,,,,,,
,,,,,,,,,,,,,,
,,,,,,,,,,,,,,
,,,,,,,,,,,,,,
,,,,,,,,,,,,,,
,,,,,,,,,,,,,,
,,,,,,,,,,,,,,
,,,,,,,,,,,,,,
,,,,,,,,,,,,,,
,,,,,,,,,,,,,,
,,,,,,,,,,,,,,
,,,,,,,,,,,,,,
,,,,,,,,,,,,,,
,,,,,,,,,,,,,,
,,,,,,,,,,,,,,
,,,,,,,,,,,,,,
,,,,,,,,,,,,,,
,,,,,,,,,,,,,,
,,,,,,,,,,,,,,
,,,,,,,,,,,,,,
,,,,,,,,,,,,,,
,,,,,,,,,,,,,,
,,,,,,,,,,,,,,
,,,,,,,,,,,,,,
,,,,,,,,,,,,,,
,,,,,,,,,,,,,,
,,,,,,,,,,,,,,
,,,,,,,,,,,,,,
,,,,,,,,,,,,,,
,,,,,,,,,,,,,,
,,,,,,,,,,,,,,
,,,,,,,,,,,,,,
,,,,,,,,,,,,,,
,,,,,,,,,,,,,,
,,,,,,,,,,,,,,
,,,,,,,,,,,,,,
,,,,,,,,,,,,,,
,,,,,,,,,,,,,,
,,,,,,,,,,,,,,
,,,,,,,,,,,,,,
,,,,,,,,,,,,,,
,,,,,,,,,,,,,,
,,,,,,,,,,,,,,
,,,,,,,,,,,,,,
,,,,,,,,,,,,,,
,,,,,,,,,,,,,,
,,,,,,,,,,,,,,
,,,,,,,,,,,,,,
,,,,,,,,,,,,,,
,,,,,,,,,,,,,,
,,,,,,,,,,,,,,
,,,,,,,,,,,,,,
,,,,,,,,,,,,,,
,,,,,,,,,,,,,,
,,,,,,,,,,,,,,
,,,,,,,,,,,,,,
,,,,,,,,,,,,,,
,,,,,,,,,,,,,,
,,,,,,,,,,,,,,
,,,,,,,,,,,,,,
,,,,,,,,,,,,,,
,,,,,,,,,,,,,,
,,,,,,,,,,,,,,
,,,,,,,,,,,,,,
,,,,,,,,,,,,,,
,,,,,,,,,,,,,,
,,,,,,,,,,,,,,
,,,,,,,,,,,,,,
,,,,,,,,,,,,,,
,,,,,,,,,,,,,,
,,,,,,,,,,,,,,
,,,,,,,,,,,,,,
,,,,,,,,,,,,,,
,,,,,,,,,,,,,,
,,,,,,,,,,,,,,
,,,,,,,,,,,,,,
,,,,,,,,,,,,,,
,,,,,,,,,,,,,,
,,,,,,,,,,,,,,
,,,,,,,,,,,,,,
,,,,,,,,,,,,,,
,,,,,,,,,,,,,,
,,,,,,,,,,,,,,
,,,,,,,,,,,,,,
,,,,,,,,,,,,,,
,,,,,,,,,,,,,,
,,,,,,,,,,,,,,
,,,,,,,,,,,,,,
,,,,,,,,,,,,,,
,,,,,,,,,,,,,,
,,,,,,,,,,,,,,
,,,,,,,,,,,,,,
,,,,,,,,,,,,,,
,,,,,,,,,,,,,,
,,,,,,,,,,,,,,
,,,,,,,,,,,,,,
,,,,,,,,,,,,,,
,,,,,,,,,,,,,,
,,,,,,,,,,,,,,
,,,,,,,,,,,,,,
,,,,,,,,,,,,,,
,,,,,,,,,,,,,,
,,,,,,,,,,,,,,
,,,,,,,,,,,,,,
,,,,,,,,,,,,,,
,,,,,,,,,,,,,,
,,,,,,,,,,,,,,
,,,,,,,,,,,,,,
,,,,,,,,,,,,,,
,,,,,,,,,,,,,,
,,,,,,,,,,,,,,
,,,,,,,,,,,,,,
,,,,,,,,,,,,,,
,,,,,,,,,,,,,,
,,,,,,,,,,,,,,
,,,,,,,,,,,,,,
,,,,,,,,,,,,,,
,,,,,,,,,,,,,,
,,,,,,,,,,,,,,
,,,,,,,,,,,,,,
,,,,,,,,,,,,,,
,,,,,,,,,,,,,,
,,,,,,,,,,,,,,
,,,,,,,,,,,,,,
,,,,,,,,,,,,,,
,,,,,,,,,,,,,,
,,,,,,,,,,,,,,
,,,,,,,,,,,,,,
,,,,,,,,,,,,,,
,,,,,,,,,,,,,,
,,,,,,,,,,,,,,
,,,,,,,,,,,,,,
,,,,,,,,,,,,,,
,,,,,,,,,,,,,,
,,,,,,,,,,,,,,
,,,,,,,,,,,,,,
,,,,,,,,,,,,,,
,,,,,,,,,,,,,,
,,,,,,,,,,,,,,
,,,,,,,,,,,,,,
,,,,,,,,,,,,,,
,,,,,,,,,,,,,,
,,,,,,,,,,,,,,
,,,,,,,,,,,,,,
,,,,,,,,,,,,,,
,,,,,,,,,,,,,,
,,,,,,,,,,,,,,
,,,,,,,,,,,,,,
,,,,,,,,,,,,,,
,,,,,,,,,,,,,,
,,,,,,,,,,,,,,
,,,,,,,,,,,,,,
,,,,,,,,,,,,,,
,,,,,,,,,,,,,,
,,,,,,,,,,,,,,
,,,,,,,,,,,,,,
,,,,,,,,,,,,,,
,,,,,,,,,,,,,,
,,,,,,,,,,,,,,
,,,,,,,,,,,,,,
,,,,,,,,,,,,,,
,,,,,,,,,,,,,,
,,,,,,,,,,,,,,
,,,,,,,,,,,,,,
,,,,,,,,,,,,,,
,,,,,,,,,,,,,,
,,,,,,,,,,,,,,
,,,,,,,,,,,,,,
,,,,,,,,,,,,,,
,,,,,,,,,,,,,,
,,,,,,,,,,,,,,
,,,,,,,,,,,,,,
,,,,,,,,,,,,,,
,,,,,,,,,,,,,,
,,,,,,,,,,,,,,
,,,,,,,,,,,,,,
,,,,,,,,,,,,,,
,,,,,,,,,,,,,,
,,,,,,,,,,,,,,
,,,,,,,,,,,,,,
,,,,,,,,,,,,,,
,,,,,,,,,,,,,,
,,,,,,,,,,,,,,
,,,,,,,,,,,,,,
,,,,,,,,,,,,,,
,,,,,,,,,,,,,,
,,,,,,,,,,,,,,
,,,,,,,,,,,,,,
,,,,,,,,,,,,,,
,,,,,,,,,,,,,,
,,,,,,,,,,,,,,
,,,,,,,,,,,,,,
,,,,,,,,,,,,,,
,,,,,,,,,,,,,,
,,,,,,,,,,,,,,
,,,,,,,,,,,,,,
,,,,,,,,,,,,,,
,,,,,,,,,,,,,,
,,,,,,,,,,,,,,
,,,,,,,,,,,,,,
,,,,,,,,,,,,,,
,,,,,,,,,,,,,,
,,,,,,,,,,,,,,
,,,,,,,,,,,,,,
,,,,,,,,,,,,,,
,,,,,,,,,,,,,,
,,,,,,,,,,,,,,
,,,,,,,,,,,,,,
,,,,,,,,,,,,,,
,,,,,,,,,,,,,,
,,,,,,,,,,,,,,
,,,,,,,,,,,,,,
,,,,,,,,,,,,,,
,,,,,,,,,,,,,,
,,,,,,,,,,,,,,
,,,,,,,,,,,,,,
,,,,,,,,,,,,,,
,,,,,,,,,,,,,,
,,,,,,,,,,,,,,
,,,,,,,,,,,,,,
,,,,,,,,,,,,,,
,,,,,,,,,,,,,,
,,,,,,,,,,,,,,
,,,,,,,,,,,,,,
,,,,,,,,,,,,,,
,,,,,,,,,,,,,,
,,,,,,,,,,,,,,
,,,,,,,,,,,,,,
,,,,,,,,,,,,,,
,,,,,,,,,,,,,,
,,,,,,,,,,,,,,
,,,,,,,,,,,,,,
,,,,,,,,,,,,,,
,,,,,,,,,,,,,,
,,,,,,,,,,,,,,
,,,,,,,,,,,,,,
,,,,,,,,,,,,,,
,,,,,,,,,,,,,,
,,,,,,,,,,,,,,
,,,,,,,,,,,,,,
,,,,,,,,,,,,,,
,,,,,,,,,,,,,,
,,,,,,,,,,,,,,
,,,,,,,,,,,,,,